-1.087648780591623, -9.098491388884602, 0.8498213304438718, 5.515558447463231, 0, 0, 1
-1.9229657351611955, 8.16218174908412, 6.533162927503309, -1.542664799626296, 0, 1, 0
7.944139315720712, 3.659287883741449, -2.626138679974776, -3.384083543617318, 0, 1, 0
-5.009582478091858, -4.069326535830892, -6.235340580453789, 2.867672207237998, 0, 1, 0
1.9248342942096457, 5.242312203739916, -7.934480802125521, -3.4431979588434096, 0, 1, 0
-3.873417607449655, -6.478997523188124, 7.097868014638252, -4.698465734114156, 0, 0, 1
-1.3277071767150002, 9.580157231343986, 3.359498592726652, -6.5716650134751875, 0, 1, 0
3.833349716772023, -2.6456920302685782, 5.071279432192108, -2.6201126690116308, 0, 0, 1
6.217267669838513, -5.364538494201628, 4.227833530971703, -3.9426420880214508, 0, 0, 1
6.7868763845352795, -0.913088671356947, 7.594416503605629, 5.493928843873519, 0, 0, 1
-3.5092718775892964, -3.446176421570674, 3.7031170603368047, 6.463377800054559, 0, 0, 1
-1.6451122479723352, 5.486376516281803, -2.8894273437976032, 5.7415588739055945, 0, 1, 0
-0.6686280531196989, -8.557975924833666, -3.148970135091325, 7.645659911281271, 0, 1, 0
-0.9549102238169453, 5.020614785617504, 6.105773838286183, -8.849046825826655, 0, 0, 1
2.574661156430217, -2.1483157911097237, 5.970322972149738, 1.2742549699145638, 0, 0, 1
-9.728076122574544, -5.466390343134473, 3.789552437974864, 8.289262819238594, 0, 1, 0
8.633510674644963, -8.314305580367476, 5.734319973613285, -5.788402927940899, 0, 0, 1
-3.5665918577306863, 0.48440868523177194, 3.7235462822595355, 6.738700092182821, 0, 1, 0
-3.510926223132259, 8.593743070305205, 4.219459199448796, 7.947556254429536, 0, 1, 0
5.469408079734727, -0.8339460337692621, 0.9031941885609172, -1.3583915454141753, 0, 0, 1
9.843337377460365, -4.764231021871898, -2.2897875179954745, -9.15273725947027, 0, 0, 1
4.448667873837364, -5.786788852786081, 9.287118855531848, 0.09345655799538655, 0, 0, 1
3.7390470661870427, 0.5808753476389086, -4.547452756458639, 2.8171467095693323, 0, 1, 0
7.704467194948563, -4.062412722996628, 4.667502732326977, -8.709348355750251, 0, 0, 1
-9.653350291612256, -4.47635179128328, -1.2596305698434023, -9.775507924973736, 0, 1, 0
3.170923093879095, -9.634619559922545, -0.8925454369245784, 6.080011723600332, 0, 0, 1
1.9187064710625954, -3.437329285516091, -9.90173151712014, 3.802460792382462, 0, 1, 0
8.567937099639298, 4.8120792279076205, 3.926797925460523, -3.1867110418093905, 0, 1, 0
6.305101148926234, -9.967092992722566, -2.3629975562742898, -9.842118807063493, 0, 0, 1
9.681352590993676, 6.086354551877061, -0.10905757085842005, 8.599194874334707, 0, 1, 0
-8.435097000764262, -4.4080133989490635, 8.734717284671365, -5.963043056411223, 0, 0, 1
-9.505532877289472, -4.7132832532344775, 1.8821472729938797, -4.598542188572949, 0, 1, 0
-9.371117371772936, -7.805468969887807, 1.0614324040065686, 2.131724707843608, 0, 1, 0
-2.764398722334019, 8.416949444644594, -8.873171843063632, -1.7697248569548698, 0, 1, 0
5.199964873120173, 6.82871790455129, 4.1383239040795345, -9.608173891719511, 0, 1, 0
7.592637891691474, 8.749141273437601, 0.2372339974330906, 8.360155168157142, 0, 1, 0
-2.4484007025362935, 3.128862554733111, -8.608144502438673, -8.792328256551329, 0, 1, 0
-6.0796543285621585, 5.547590318856571, -4.875487012265011, -6.9207640350427315, 0, 1, 0
0.8982818531330121, 0.3892783775875728, 6.221199788256175, 9.818564895455989, 0, 0, 1
-9.858846813374594, 6.690939523601411, 3.357183315491854, 4.741967420439222, 0, 1, 0
4.1028231448041375, -6.116247026303898, 0.6896859177805901, 5.356501878870885, 0, 0, 1
6.363612989133042, -2.6293578709612406, -6.591259034625841, -4.669512098035548, 0, 1, 0
-6.162569968105559, -8.143652471780616, -6.733886896043032, -8.431809543833047, 0, 1, 0
-4.057387799982628, -4.908504139123719, 2.7512466966878826, 0.14988583985245008, 0, 1, 0
6.643444549591951, 2.30334569341659, 1.1253809887568362, -9.130457909372849, 0, 0, 1
5.91946770247047, -6.3966635318457445, -7.600451613590332, -9.645653068854312, 0, 1, 0
-9.689117781673147, -9.476344473416146, -9.771984796864905, -5.096207342621036, 0, 1, 0
9.991047112267019, 4.856901529644105, -6.646834060850942, -9.841120177805946, 1, 0, 0
-7.09812296419317, -5.689151527215332, 4.076666577754853, 7.928197652999405, 0, 1, 0
8.410897794370957, -2.2131284662583504, -1.0930170077332377, 4.704366947852245, 0, 0, 1
6.504422703992773, 3.6437044821883102, 7.1020427891528435, 0.9802268776019218, 0, 0, 1
9.244094043618112, -5.437654711044233, -3.5834914415997874, 7.422874531439913, 0, 0, 1
8.057189201031434, 3.7618981738397377, -0.010896767494685378, 2.170786937778251, 0, 1, 0
-4.197324567566312, 4.781700584470155, 6.007797427479083, -2.382443720652928, 0, 1, 0
-2.794216839966465, -1.2632035982158047, -6.475925509108196, 2.2389615011582897, 0, 1, 0
5.82809566325885, -3.8568456908021336, -2.355342270971901, 2.5499396457103725, 0, 0, 1
-6.276809841523324, 3.2449779348657355, 9.170007044062952, 7.132050524061569, 0, 1, 0
0.8900288543151831, -8.68465642383539, -7.178923328024765, 1.6919190770443144, 0, 1, 0
-2.2736921311699287, 1.036836947797255, -7.430389876212175, 2.508944167061218, 0, 1, 0
4.350965039036687, 8.920774282385025, 7.404725596962834, 9.388556051714605, 0, 1, 0
-2.626055289351407, 1.1467964533468695, -3.8794650574584804, -8.630507354918173, 0, 1, 0
-2.6215542632255495, 6.176161903970019, 3.9251719945693253, 4.420519459257143, 0, 1, 0
-6.600519715156648, 8.445165324232153, 5.910710550803092, -8.609136593811744, 1, 0, 0
-1.4493241493819866, 8.103008707101928, 1.7585331628837313, -4.791302641290846, 0, 1, 0
5.687154454964752, -9.454156579195594, -0.6296146151747628, 5.528353776563124, 0, 0, 1
-0.3887946672685416, -6.390372866946446, 8.648941795643857, -1.2886585720296289, 0, 0, 1
5.3358193185812866, 4.72317198977022, -5.261218778445022, 9.988976651797525, 0, 1, 0
9.020488131335231, 7.242645405811558, -1.4792155527878634, 5.36338735155919, 0, 1, 0
-5.186329509684039, 6.948968496615517, -7.90127531527601, -4.656695925936427, 0, 1, 0
-3.913609140512352, 9.924243148381006, -3.704237161997817, 6.637496052606728, 0, 1, 0
8.905087084930898, 3.3608998047937177, -2.062781505315928, 1.5605862865040958, 0, 1, 0
-4.966069681088473, 1.7541492319452345, -4.302012433438568, 0.13022612320735405, 0, 1, 0
4.774854543979679, 2.3897070029702547, 0.01605964732172893, 4.679365621264729, 0, 1, 0
4.300824475614737, 2.9877434638271776, 3.118129518403732, -4.9275494995189595, 0, 0, 1
-7.470418651341655, 0.7214438126987979, 0.06107593423737079, 2.8342931591134004, 0, 1, 0
-2.8175127379677782, 6.144777599789563, 4.397023615612195, -7.037606303131955, 0, 1, 0
7.702862656536912, -0.5321779430528082, -0.024622823123179316, -0.6724072763102171, 0, 0, 1
3.721167097669637, 0.1560942875948239, -3.0557605778126797, 3.3174472829873896, 0, 1, 0
-4.070052650789755, -5.381030568564791, -5.8949123955773715, -1.3782067370499522, 0, 1, 0
1.501479303232152, -6.199960017669927, 3.523327397891938, 2.9092677370222617, 0, 0, 1
-0.6091136069079468, -2.795662112904555, -2.2624994219571812, -2.59707609778134, 0, 1, 0
-0.8557452870792464, 3.070770200840556, -2.27460381215187, 7.092410985889103, 0, 1, 0
-9.448188300918876, -7.885895612596485, 6.976526685513804, 9.693631669363768, 0, 1, 0
-6.224721929163077, -0.4290781218693951, -2.383241295992975, 0.989280702075586, 0, 1, 0
0.6901489434252266, 1.0651301830378976, -3.551860495261783, -5.341227452895244, 0, 1, 0
-1.256046840574614, 6.099875148432272, -9.407868962459204, -1.7457238546319882, 0, 1, 0
-6.848187007404951, -6.3671584782969015, 3.1393003524929757, 3.9925557160715375, 0, 1, 0
-6.934159629481919, 0.3449780542147245, 8.693920429187788, 5.330921046124269, 0, 0, 1
4.014878121211602, 5.356706089971917, -2.289184644952968, 3.4683958410603903, 0, 1, 0
9.438136405981211, 6.769541053459768, 7.965615185892961, -9.61052658018215, 0, 0, 1
3.5599478862993177, 2.8020572908232246, 4.300439271284471, 4.195663302296616, 0, 1, 0
0.25938070856937223, 8.873749011603067, 2.027063105267967, -9.406853140986922, 0, 1, 0
-1.2399911001510873, -2.3826510982507143, 3.582105214512957, 9.314702236705788, 0, 0, 1
1.419387493012188, -7.524952058459144, 0.745063568812359, -8.089388468344412, 0, 0, 1
1.8680001664292067, -4.834005299412648, 3.4005439995790567, 5.365104691761129, 0, 0, 1
-2.9096682616088856, -0.24887649819668134, 5.970153899849464, 0.6530081902877463, 0, 0, 1
-8.527670949011888, 9.428342785420057, 3.762829766498335, -6.708819715636233, 1, 0, 0
2.1661962811677693, -1.7717973477075795, -4.651256480557498, 9.04884782575483, 0, 1, 0
-7.163772907649992, 5.2855951968979085, 1.8218249789540764, -4.334533128111872, 0, 1, 0
0.6669467830410909, 1.854594280875565, -4.80758879091944, -3.8789911074000374, 0, 1, 0
5.933431478186247, 9.55551010535821, 6.351928197011318, 6.357896493914488, 0, 1, 0
0.010000257757491582, 3.890021086619246, 3.287707703787696, -5.745559546978008, 0, 1, 0
-1.7959665841404195, -6.56002375137062, -2.145221993394765, -6.1261925921431715, 0, 1, 0
-0.48538665775460466, 8.294993694077707, 7.722098202315205, -7.186971584887696, 0, 1, 0
-5.672037394564616, -3.4140758837638776, 8.045756508617547, -7.083254259584124, 0, 0, 1
8.356351991349996, -9.440968548618708, 9.19717170260715, 5.378019826197075, 0, 0, 1
9.32706869175987, 0.12954954529625873, 6.477989366500633, 8.015167796060055, 0, 0, 1
-9.847982646826647, 2.369426056914696, 6.731919858945496, 7.1292962679310214, 0, 1, 0
-4.737517682247571, -1.0796688548660232, -8.467553480746016, 3.3171106098765097, 0, 1, 0
0.20071332817930454, 0.12277811305726694, -6.115273673141036, 4.713600750413537, 0, 1, 0
2.1392381899707207, -1.8100375085184535, 2.6931845921525657, 5.985618185245254, 0, 0, 1
4.143100285037933, 8.233406449776798, 4.202079397720322, -7.247558327972683, 0, 1, 0
-2.4650884291460216, 8.080496032759779, -9.073137491509849, 2.707695734085373, 0, 1, 0
-2.921713876035863, 6.173200763842651, 7.347754061849674, -5.720144042614915, 0, 1, 0
-2.7051721199905367, 0.670965952179845, -8.724140421824595, -3.382369938018904, 0, 1, 0
-7.576009304065261, 6.918506173844683, 3.8802451425605646, 8.244089939745184, 0, 1, 0
-0.42165660784657, -0.28793104472008046, 5.767869472395567, 4.621105042575442, 0, 0, 1
4.784098721474454, 5.925100509042434, 0.1742825238845711, -8.44609768057526, 0, 1, 0
3.3310160009800533, 8.452717791522254, 0.7073334654361645, -2.331044353698867, 0, 1, 0
-6.231193531412256, -9.9784139823068, -0.8729316996750107, 2.5830296113076763, 0, 1, 0
9.832579912539842, -2.3868578078164058, -1.5418500041318364, 4.253311601585388, 0, 0, 1
-0.30711680199351044, 4.154546788965607, -0.31588034253375596, -6.041908048112834, 1, 0, 0
2.327731639299417, -0.5985550352365507, 9.74874969560129, -8.349267206317403, 0, 0, 1
-4.840984370019745, 1.6484252883346873, -0.232512191977591, -6.53787758040143, 0, 1, 0
3.9571163961464144, 9.458672608928136, 2.827511268121894, -3.46150104583311, 0, 1, 0
8.857197211523168, 5.511769361566646, 7.627290150908422, 3.6419498704569175, 0, 1, 0
-8.142125596358499, 9.698446625703223, 3.906073483594728, -6.829774732156552, 1, 0, 0
-2.633030895438525, 9.45292216700172, -0.1991463965732354, 6.479250535592087, 0, 1, 0
-2.0504465941574646, -5.545662006151705, 6.521212158967373, 9.68552127465863, 0, 0, 1
6.335348243049975, 8.290977980145708, -8.654118729128557, -1.7015676627408567, 0, 1, 0
9.961077766474837, 4.288036643661574, 7.437488882540485, -0.9010147260972374, 0, 0, 1
8.41264066212468, -6.075124794652278, -1.8480144589431653, 4.459886557636729, 0, 0, 1
-4.868391405264098, 9.58408180604879, -3.5178975917016606, -2.350233296095502, 0, 1, 0
8.528884667218144, -5.434438984577748, -8.509391918084301, -3.6220906645162456, 0, 1, 0
2.66780442216797, 4.935375524189032, 7.619912213468883, 3.961719728057142, 0, 1, 0
-9.174682199570668, 5.115916978156157, -0.8318551866485997, -9.974646102625247, 0, 1, 0
-8.522840728295428, 2.498241417341978, 5.065673904058372, -9.104593153626002, 0, 0, 1
-3.6069791082325295, -4.208808994949241, -1.2332197424179032, 7.366311269517201, 0, 1, 0
0.8352485256433706, 0.8572238361729418, 5.08388166086929, 3.25310589431464, 0, 0, 1
-7.886800727754273, 3.8474071276594923, -4.849114676401538, -6.829580476893848, 0, 1, 0
-0.6524485119862717, 4.727625099349593, -4.618912690607324, -8.21680826983266, 0, 1, 0
3.044682244325374, 4.059373184134891, 6.189502932219536, 9.593807812590992, 0, 1, 0
-5.442087331526953, 7.331726363548881, -2.9606339023265216, 9.721230203156, 0, 1, 0
-3.689379055839675, 9.259073398662299, 5.205521246048399, -3.026815575094341, 0, 1, 0
-7.919718771204222, -6.651995413308961, -0.9931570342710039, 1.0049491613195034, 0, 1, 0
-8.150067598628842, -0.9520327537097177, -4.715938621534006, -3.2715022811999095, 0, 1, 0
-1.197888241707295, 8.72138552308147, -7.016885018449689, -1.4172260982064664, 0, 1, 0
5.300776127400237, -6.75029856932829, -7.303718047823626, -8.16600799475145, 0, 1, 0
9.49945934093532, 6.8975602355308645, -0.03855193501270904, 6.361451910976996, 0, 1, 0
5.2111838828824375, 5.459834623830314, 0.17247163232996598, 7.808918681838048, 0, 1, 0
-9.659464042475198, -0.8904442334968792, -3.495216198961817, -5.7182385752528155, 0, 1, 0
8.62157290737218, 8.190394005826857, 3.6424830898840366, 8.558378768413505, 0, 1, 0
3.1838083514868316, 2.8071545962277593, 6.934276203128636, -0.26548564912075534, 0, 0, 1
-0.14864689211763782, -2.69174632276024, 0.4039276905376141, 1.3202712923848399, 0, 0, 1
-6.4083363285327035, 4.509015332213144, 6.19808174492702, 3.9379825414800944, 0, 1, 0
-6.611650901200088, 1.4485063829685139, 8.48094014380171, -6.8250766754267165, 0, 0, 1
-3.0952137769643286, -4.843613344637498, -5.826432693668843, -4.893304302773115, 0, 1, 0
8.376262233767783, -4.074665463564297, -6.781566132223963, -5.696348825328215, 0, 0, 1
-4.812967663078088, 0.7127088358219282, 7.227646008705555, -4.58250155420159, 0, 0, 1
9.435056140383267, -8.191160977907089, 8.799635376222263, 2.9444255740122998, 0, 0, 1
7.33032622250278, 8.984156213227731, -8.652793187020716, 9.99917887151203, 0, 1, 0
6.426752496709469, -5.593875597973296, -1.1706084810060489, 5.7856949119762024, 0, 0, 1
5.132369471309879, -1.5388085560588198, -7.048363460716029, 0.6502277546796158, 0, 1, 0
5.052068464016575, 2.1061837077635275, 5.38055247412089, 6.6530048738480545, 0, 1, 0
2.240176048241638, -5.442121268921588, 2.1377000082925424, 4.100613339850964, 0, 0, 1
-2.205129262155447, -6.473883267712726, 4.509913602150004, -5.5903510915070544, 0, 0, 1
-2.891695440230749, -9.239659281093468, -7.236837985570002, -2.4373758921573767, 0, 1, 0
-6.878469938821379, -9.875444257573896, -7.583842304341422, 8.009803052064871, 0, 1, 0
0.19021368128723282, 0.7539913853416174, 1.036967267765183, -6.9755585198176835, 0, 0, 1
1.5204129514845164, -3.6055327922131557, -0.2982006549361156, -1.5479472240190706, 0, 0, 1
3.787167404679195, 5.906533969522702, -2.804821027817587, 5.1341205719551635, 0, 1, 0
0.6114142623783163, -1.1930763773587891, 2.3193560225513554, -7.930757989143374, 0, 0, 1
2.855654187898921, -4.830942840702339, -2.224861631274625, 0.6530253638760293, 0, 0, 1
0.8103877263192043, -2.0898430943907442, 8.006201022307483, 4.5555604596415336, 0, 0, 1
-4.082388828546922, -2.1824743282899606, 4.404836061599122, 9.148944634547899, 0, 0, 1
-0.1090191351757479, 1.4131512266644979, -1.0581555641527078, -7.628711451603431, 0, 0, 1
1.494518821823652, 2.0263644643250682, 7.234881667995307, 9.248265819274014, 0, 1, 0
-3.2603909695802216, 0.018250145957921404, 6.83407715374328, 8.350331316865201, 0, 0, 1
-8.84114320335963, 7.893382728981496, 6.730344023895608, -0.18578956377962186, 0, 1, 0
3.9999899985268677, 1.4125008747971162, 8.307054349364272, 3.5193226363134205, 0, 0, 1
9.6211785914475, -2.138895109360524, 9.35642509691251, -9.215816966824148, 0, 0, 1
-5.770257439357349, -4.893759607753605, 0.9827215368779019, 3.6880931415074, 0, 1, 0
-7.105463518344548, 7.694839629202541, -1.6164298782201634, 2.485711720066943, 0, 1, 0
-4.369558456525933, 9.591634068447924, -7.477896827029948, -9.775939145952435, 0, 1, 0
-6.609114723563714, -6.203563667928597, 0.5494916674445811, 6.608861292064592, 0, 1, 0
-0.07079678125250943, -1.206720625612288, 2.833836419896148, -1.7638950477186093, 0, 0, 1
-3.4539269625460385, -8.273342530370384, -8.51179474895438, 3.369571945336446, 0, 1, 0
5.666258063011922, 2.0506663583454987, 9.7222424856025, -7.183025040283345, 0, 0, 1
7.6722355082967475, 6.818741241851235, 7.326792942977882, 3.058807790772434, 0, 1, 0
0.9878418645764881, 1.1038524616061967, 5.315148427763557, -2.4131813330637204, 0, 0, 1
-7.198027035779333, -3.250483476207817, -9.191036494072078, -3.250403168262171, 0, 1, 0
-6.489098200802271, -7.251950957464031, 7.022285152702725, 9.919325225017651, 0, 0, 1
9.274800866504574, -5.793558990486693, -4.705590230741348, -4.448406768240224, 0, 0, 1
-7.778016551294371, 3.7109047238300104, 6.4222937246888385, -2.815342262766949, 0, 1, 0
5.654143130245686, 3.4574951014749207, 9.901246298058538, 9.169683539853285, 0, 1, 0
8.519530761297574, -0.5234108634867756, 6.504120555009749, 9.917399007788578, 0, 0, 1
-0.10410409891237649, 0.4554094143469847, 6.581404207545056, 3.3532981729848785, 0, 0, 1
0.9214691030427211, 4.291355467537116, 1.1754679359381388, -3.5997142426668276, 0, 1, 0
-9.202181798965755, 8.484413008431165, 8.784598819345515, -1.698745326930073, 0, 1, 0
8.387486607948077, -5.954788548850821, -9.743816573053513, -1.1491752560945105, 0, 0, 1
7.542332400354713, 0.4284373253716325, 5.643525503409805, -8.23162732563523, 0, 0, 1
2.264163201797828, -4.618716544759794, 1.932133953986753, -7.303775566305861, 0, 0, 1
1.6589565815678586, 9.464364433411678, 4.00720754359253, 9.090426498600483, 0, 1, 0
0.2160516615100434, 7.831331071365312, 1.8793749398921484, -9.563452303206294, 1, 0, 0
-8.759327483717039, 0.223160428098943, 7.772517296379672, 2.5712060241825903, 0, 0, 1
4.516524232233188, -6.735894380480002, -8.277562474029866, 7.432820041399829, 0, 0, 1
3.3111205665912102, -5.584758015156146, -7.918259398042345, -5.214634460962673, 0, 1, 0
2.41637745519, 6.7655157469052405, -5.630736265159555, -8.25218116783173, 0, 1, 0
-4.343385516825777, 4.171951959921024, 8.300683255447392, 6.0032293181881435, 0, 1, 0
4.126275262854191, 7.692961263327376, -9.370980392848598, -6.834821643696549, 0, 1, 0
-2.006779560822425, 4.350341835222366, -0.6750078176497514, 3.6787653312453834, 0, 1, 0
4.668168814232651, -9.455950474113203, -2.520175693798892, -7.8612870433653175, 0, 0, 1
5.144040209773946, -8.861144380113643, 6.603854306323388, 9.565843920952567, 0, 0, 1
3.5755761310344454, -1.0275265346409412, -3.9203456388415514, 5.870195671855562, 0, 1, 0
-5.539673024574142, -6.6308837647693615, 6.190506320535441, 5.736403919633666, 0, 0, 1
-5.7040617408715475, -8.27693520964912, -3.761943892464947, 0.9746662671559783, 0, 1, 0
7.022626044704868, -1.594654578526809, -7.427373164066752, 8.741851578812046, 0, 1, 0
6.113213392027287, -1.689348095883311, 9.102428294300303, -9.07339774029022, 0, 0, 1
-3.734807387802195, -0.22155731461083406, 7.135114323876387, -4.696304376561336, 0, 0, 1
-1.5576554050471891, -7.646087006500963, 0.6094123658767963, 7.448184395883317, 0, 0, 1
0.37501416652231256, 1.8321373741292106, 9.545681308743394, -7.003567059060357, 0, 0, 1
-0.5259785105129602, -3.487059927306632, 7.947675854874625, -5.524579414876448, 0, 0, 1
-5.125600060040877, -9.822634318760892, 1.441374929361686, 3.602420694009595, 0, 1, 0
-2.6445069595447315, -0.66199847993534, -9.804382137863143, 6.384782295853263, 0, 1, 0
-0.6195654117593392, -4.147379153476739, 3.560796377044541, -0.702202399588284, 0, 0, 1
0.061063640779380535, -7.600240128859989, 1.6761020159703222, -9.514172598493365, 0, 0, 1
-9.25877327996249, 2.220713818548578, -7.768368971426211, -9.978442667042112, 0, 1, 0
6.733713241635687, -8.8993043167979, 2.1351134274784087, 5.292046114472695, 0, 0, 1
7.821169978855721, 0.19721557861064376, -8.713395688083672, 3.0033567608349756, 0, 1, 0
5.387955771474147, 6.21490263203853, -4.2462062622635655, 0.922764507552035, 0, 1, 0
0.37131155392681947, -0.7028561321566134, 0.7576738999959431, -1.9577461629909205, 0, 0, 1
-7.837212699389649, 3.2071839986402466, 0.27624771477479726, -3.0458418433767944, 0, 1, 0
0.1174200559581724, 9.241655850429858, 9.310450013405852, 8.942310390501426, 0, 1, 0
-9.908894421490325, -6.086845172609596, -9.026624094241589, 6.660836430574225, 0, 1, 0
8.979848911510711, 5.104528607383616, -7.876397342363557, 7.754278796610553, 0, 1, 0
-2.2827585750644825, -4.0104575706694545, -3.4238346449210466, -7.519844536445962, 0, 1, 0
-4.373772188263839, 4.7246856124720935, -1.08122737662924, -7.2268094668289695, 0, 1, 0
8.083621067033903, -5.384643038448246, -7.596451620383398, -1.1462622746574986, 0, 0, 1
-7.743811056829901, -4.193271908067759, 6.324274119140707, 2.0400761962123575, 0, 1, 0
3.709747751108253, -0.6950609715166784, -7.939065684536037, 0.2748861118568513, 0, 1, 0
0.6447347116864925, -3.1065655560728933, -2.453900693195826, 7.5908479828344895, 0, 0, 1
6.638833999931268, -4.168892295178441, -7.05381390501457, 1.8876844886167365, 0, 0, 1
2.2761029900406022, -7.187811339827166, 1.461023255931691, 9.68594770863929, 0, 0, 1
1.565134512058055, -1.2911346514202346, 6.333820967159152, -8.418967667230856, 0, 0, 1
-3.030710356789972, -0.34811807346908274, -9.436465827485764, 3.501268035499969, 0, 1, 0
1.0266301366624564, -2.579847207562926, -6.507485181329532, -3.557171716148579, 0, 1, 0
-8.91809589179144, -9.355173455250997, 2.687851261667838, -0.5578887325515449, 0, 1, 0
-3.8316931453681056, 7.4433747387693145, 0.33464188237424963, -8.860126351406857, 1, 0, 0
-8.865301943787049, -7.34608630526163, 2.2875494101492464, 4.100872498983923, 0, 1, 0
-4.703099287442444, -6.398539914003825, -7.2272997895382805, 8.482561958247125, 0, 1, 0
5.202719566972329, -4.842234139722881, -9.56581862623143, -6.347424730820314, 0, 1, 0
-3.8314047333930645, -9.746399056048318, 3.708004613270985, 2.285325849561639, 0, 1, 0
-1.101717441855799, -1.2714257981960788, 8.798559884912596, 8.909240988506582, 0, 0, 1
-4.818121984050666, 9.274495755915762, 7.0620001652566735, 2.418994592697823, 0, 1, 0
2.165974356311363, -5.605059990475448, 3.466952803296481, 3.229967687851733, 0, 0, 1
-6.116853186915094, -4.907550539312675, 4.801483747922575, 7.782565456713812, 0, 0, 1
6.220205117119573, 7.826049727306724, 1.340393159231354, 0.6812637442170004, 0, 1, 0
6.882300058790623, 5.166372645258146, 9.105086978108197, 1.1640886455607085, 0, 1, 0
-9.915248472204082, -9.883126392906124, -2.454628456595646, 5.783218040961408, 0, 1, 0
0.10367751592010244, -3.1670022258381367, -2.6639582089446288, -2.6325130148942177, 0, 1, 0
-5.270978470924766, -5.401966532413832, 3.600669425726249, 8.849642648757271, 0, 0, 1
-6.009973416109557, -0.9367257780100804, 4.459938395051257, 5.835703656000879, 0, 0, 1
9.8789391293558, 1.981006726613737, -0.971272723270241, 0.6829464857852763, 0, 1, 0
-9.304926125009045, -5.737722644460258, 6.162353864015245, -0.42085282058494755, 0, 1, 0
-7.806122320613881, -1.7319843600187372, 7.014122277970483, 6.316240130139626, 0, 0, 1
-9.214385272569203, 1.373214922553494, 4.2512383285217155, 3.3797765492367464, 0, 1, 0
-2.1685132440964283, 6.987668125418793, 7.440191040486187, 0.026223068137756655, 0, 1, 0
-7.85526070643927, -1.0602528839652674, -4.887620254833075, 9.734091469894206, 0, 1, 0
6.80091295242352, -8.615597988765499, -9.170472286255318, -8.523282929567287, 0, 1, 0
2.447528640016694, 6.774673274147638, -2.404707741180765, -0.902126697312168, 0, 1, 0
-9.583163475423662, -7.560402125846782, 6.021331779668728, 0.6495031112104215, 0, 1, 0
-2.314328771230918, 6.751703376300494, 0.957982750124291, -8.278149346950533, 1, 0, 0
-0.3189394671092458, -6.520274577904621, -7.245164652003518, -9.576109181892178, 0, 1, 0
-5.243965198865144, 7.09553683041387, 0.1899215905880176, -9.466782631104245, 1, 0, 0
-9.438096396363385, -0.7130817280677526, 0.7873801285342239, 1.8461901842831594, 0, 1, 0
2.0354699399487437, 3.4390163391078907, -6.124618182016825, -4.278742416891616, 0, 1, 0
-2.7535121015987887, -3.9228333038849916, -6.484497402088948, 4.743917982440404, 0, 1, 0
6.1448597051877805, 4.717708898111111, 9.397699562552244, 2.461777409753658, 0, 1, 0
7.092557510869838, 7.576927075896844, -7.853761621682794, -0.6184518293563528, 0, 1, 0
3.41988932034927, -8.405616915973656, 1.2671755306735513, -3.9386884839919816, 0, 0, 1
2.871420100737092, 5.214204888424931, 4.969826310393319, -5.887176737136755, 0, 1, 0
1.3398220908547849, -3.451915845951026, -1.4141360723479366, 1.163729043288031, 0, 0, 1
2.1326025818160748, 3.089095276356254, 2.0442437250373153, -2.727104775946171, 0, 1, 0
5.1001422829461, -1.5799774004053226, 7.97988750877785, 1.425212887779443, 0, 0, 1
2.625267483585173, -3.1692261310150975, -6.998932164627561, 8.74420513340468, 0, 1, 0
8.332064821539479, -2.274589683988406, -7.87889578280919, 7.310103800757837, 0, 1, 0
-3.553870708473897, 3.6286820441618026, -5.3176345002453935, 0.48973229270881546, 0, 1, 0
2.007002864036245, -4.469821376013487, 4.956396545728854, -7.281001711860766, 0, 0, 1
-2.6931266080090435, 6.937873315502831, -8.781228418825766, 9.841087851599365, 0, 1, 0
1.7449198624793993, -0.04755456468442176, -6.966738718080679, -1.9550598654686766, 0, 1, 0
4.1965659308231285, 9.822939857758087, -8.670394000909475, -2.71749714981648, 0, 1, 0
5.9909898955333, 2.1205720548148133, 3.7718979892190063, 1.5614001693024289, 0, 0, 1
-0.773181622276633, 8.073135762509487, -0.395682170240061, 6.117465093786578, 0, 1, 0
3.053690610944148, -3.3600014510378253, -0.7554153216795143, 1.4369129722178506, 0, 0, 1
-0.8688608141936651, 0.35616523137137435, -4.039256709646088, 3.961397527699077, 0, 1, 0
-8.859251988520498, 4.632923144210558, -2.8999102734494544, 9.559074230286793, 0, 1, 0
-3.2482424626351536, -1.3333849661673352, 9.606891944821406, 7.021460522441874, 0, 0, 1
6.743690090600257, 4.378062437464511, -2.437993349711408, 4.915179542691996, 0, 1, 0
-2.2676903159672808, -1.3133214466801473, 3.5081106021572417, 3.5476334735507304, 0, 0, 1
-2.132923562141565, -5.286077305342107, -5.724876576906478, -0.8024339800711875, 0, 1, 0
-4.723967274056732, -7.945790690344661, -5.387974183721456, -7.131011149441363, 0, 1, 0
-2.564742971474651, -8.689948347718431, -4.772698737109406, 9.001714810264161, 0, 1, 0
8.48650444228505, -4.072753402438366, 2.744374681610788, 4.661985148984, 0, 0, 1
5.852485036408755, -1.5589986795368596, -9.053890443897755, 1.005334160758803, 0, 1, 0
-8.209092048094185, -2.6032817422427623, -6.19715066449584, -0.49864095193270686, 0, 1, 0
7.1246410986057676, 0.6983897698570001, -1.9775075707479886, -2.9845527806247363, 0, 0, 1
5.364366879390722, 4.1238802550937415, -0.5249722071573935, 0.04965904636758367, 0, 1, 0
4.1034199083705545, 7.5699299935111455, 7.429373030285056, 9.690084839095402, 0, 1, 0
-2.0919644795786425, -0.9304796955224486, 4.5288299743686, -2.3373236844024268, 0, 0, 1
-4.774843396048453, -5.428214015172895, -1.915177335923154, 8.999750138725968, 0, 1, 0
6.403170328775033, 3.5180292807137725, -0.9089427305892777, -9.603838138097823, 1, 0, 0
-8.180834845723973, 0.6344479092557194, 0.9128428115103588, -0.12057779828113446, 0, 1, 0
5.331464919881645, -2.727835510265005, 3.591774242740019, 7.960650621895049, 0, 0, 1
6.5826629179449085, 1.6692738941261887, 3.304562872883194, 3.325347748270886, 0, 0, 1
6.576411564171504, -6.956354704199524, -7.0386041314520895, -9.727386683098686, 0, 1, 0
-3.002557443921714, 2.2122831326966548, -4.462474460928921, -8.337700748042064, 0, 1, 0
7.988665950479298, 7.195735535209874, 8.409910853211727, 1.1722272314001927, 0, 1, 0
-9.537699939467805, 0.665025203798443, -5.346532452547239, 7.843041921892688, 0, 1, 0
3.645968909210511, -4.275154366286078, 7.804066016247525, -8.625481882423852, 0, 0, 1
2.8048367392294278, -9.795607533210706, -0.033831154012043285, -8.292143688673221, 0, 0, 1
8.28456541443456, -8.163041369134113, 5.0498432922409116, -5.829405112112595, 0, 0, 1
-5.008522279098873, -6.337831428431827, 6.897992117748593, 6.104060092989382, 0, 0, 1
-9.005817640109834, 1.2283180520070331, -1.3268118590707019, 0.43767131419743777, 0, 1, 0
1.9727432597301622, -5.5426327397779716, -0.2413455165183862, 5.080463558007246, 0, 0, 1
1.4716762823386471, -6.611089006350882, -0.5503240369960309, -9.934787033095391, 0, 0, 1
5.411645944887606, 2.767194319873674, 5.765672854970056, -6.720561951734387, 0, 0, 1
-1.6363674270158484, -2.3780312819304097, -5.65317524394634, 5.7609889264036855, 0, 1, 0
5.784248474884894, 1.9361751861573069, -3.7266713258468878, 1.2191886041402746, 0, 1, 0
-9.810231290669288, -2.4248266743611673, -0.3417716596004414, 3.046784053112745, 0, 1, 0
-6.23101451258688, -2.4549890553834794, -8.41213586666255, 7.634141732768221, 0, 1, 0
-5.088314048521367, -3.2377784574580284, 7.224141143832419, -1.1059158067712165, 0, 0, 1
-1.7798161468374616, -8.264399337705411, 4.92816308277108, 4.304469588354449, 0, 0, 1
9.919608626477238, 0.9177000964608517, -1.44760995705035, -5.145496211548101, 0, 0, 1
1.1830676585357018, 4.856628512431229, 2.5319180230293057, 2.651958322456087, 0, 1, 0
-3.247069536357685, 4.190616213805329, 7.634454638526986, 4.7805324824436255, 0, 1, 0
-7.2019746607178705, -1.6112633755483028, 2.1646607537589304, 2.8084834072778406, 0, 1, 0
3.871855965755813, -1.0394786815342858, 6.890290741291963, 7.570031982646338, 0, 0, 1
-7.316538559885946, -4.926616258419406, -6.536525989201165, 5.237779242562958, 0, 1, 0
6.8819764521354685, 8.367519359275477, 3.994830452834643, -8.980615855651262, 0, 1, 0
8.504002540607008, 7.490348339774808, 8.64029288228615, -0.27460551367821395, 0, 1, 0
4.520922039878052, -6.482443835810965, -8.327681188624204, 0.9770007016961468, 0, 1, 0
6.774495922389672, -7.787919965473898, 8.843282060159037, 2.9092830107124907, 0, 0, 1
7.677482654190381, -2.230210086437971, 7.65061341116699, 0.14057443018098148, 0, 0, 1
-8.806751099790796, -3.7564211961610336, -5.929809536752202, 9.245733450746972, 0, 1, 0
1.2002230115235886, -0.9287366321909865, 2.5378760381312464, -6.7721473876257186, 0, 0, 1
-6.378645913851749, 0.502001703950576, 6.746562820275578, 1.8259839582377975, 0, 0, 1
7.118694743662463, -6.973240774578061, -5.042499525026651, -2.195569440813535, 0, 0, 1
6.925257964490569, -8.773258337179785, -2.7351175214793146, -3.0533067663448428, 0, 0, 1
-8.06854614898029, -7.005276585465891, -9.017943823252779, -7.717032887841125, 0, 1, 0
-5.5061866042698675, -9.986992878833316, 8.711332603688973, -6.649338722531376, 0, 0, 1
8.192178568892263, 9.855648791350259, 9.234391804428022, -9.503894913710605, 0, 1, 0
-2.93051627135394, 8.86507637745937, 7.648914362140427, -7.100552384322766, 0, 1, 0
3.407249559372314, 4.9438745225518375, 4.1710127304173135, -7.186812040017365, 0, 1, 0
-3.653856512929245, 4.980872848527913, -5.339398493682685, -8.73236320853809, 0, 1, 0
7.45290845513945, 2.890630314541342, -1.793396413230056, -1.2332396727210089, 0, 1, 0
-7.555548957342072, 8.024348261777476, 0.5958986331689626, -1.4158655383698022, 0, 1, 0
-1.5644034052101912, -5.694320963553302, 4.645131926352686, -2.6143619756281202, 0, 0, 1
5.2487145435291875, -7.806198018512781, 7.53026080202789, -3.722865532023304, 0, 0, 1
0.6345605992873011, -2.879602589122766, 4.828333898833177, -2.343221238042796, 0, 0, 1
5.1776509709552165, -6.120377544369724, -9.107902403505474, 5.1888257242687175, 0, 0, 1
2.8099363636271733, 2.600253938045471, 0.5463803236123077, -6.671078520208168, 0, 0, 1
1.276400709187799, 4.770201973044408, 6.788381830224946, 5.09461252721707, 0, 1, 0
4.724152607249168, 4.397590381278466, 1.9039429965913044, -0.5353776507710002, 0, 1, 0
3.519022089205226, 7.01240595291015, 2.034119978562984, -2.6867581031689225, 0, 1, 0
2.221615692703807, 1.2850834668078868, -3.616915882386693, -7.486544296837666, 0, 1, 0
-9.976844917972034, 1.8098495583095815, 4.341054844828813, -6.010830000047958, 0, 0, 1
7.7371617675466275, -4.239843624755667, -8.764712856507261, -8.29022016296639, 0, 1, 0
-7.4415095790482635, 0.1781769703040723, -3.7755016767305793, 1.9534631781063343, 0, 1, 0
-1.7750871329452327, -0.13994728687216806, 0.23761297121532898, -4.955770957728741, 0, 1, 0
-6.996146765070105, 4.390563515196817, -7.642194478605965, 9.781166603686831, 0, 1, 0
2.7437190025782776, -8.551827091049322, -2.5603466539459054, 8.132046516114869, 0, 0, 1
-8.759782462734627, -9.951299903891655, 2.723282898181715, -2.3844130394907728, 0, 1, 0
6.37877429666872, -4.4406617034416005, -2.199167531076432, -7.873761662223266, 0, 0, 1
-5.087064465082746, -6.331110762586404, -9.927101619507699, -9.662267174414483, 0, 1, 0
-0.20774700222897557, 5.432412389401538, 3.5708954434706346, 8.971341372919895, 0, 1, 0
-4.284459480216941, -4.918688216674462, -8.792256162870794, 1.8746290970009873, 0, 1, 0
-8.004056167790692, 0.48469656635294456, 9.01000599330757, 4.060021766489381, 0, 0, 1
-2.0439910665359307, 0.8308366922805259, 5.497338974614321, -0.6916490340100836, 0, 0, 1
7.165174250102218, -6.730782825840071, 4.255141520060199, 9.992973599579638, 0, 0, 1
8.653302834673461, 5.0588350720046265, 4.386829321452803, -1.7619715685779092, 0, 1, 0
7.575462859857577, 6.898449229494879, 3.473413304180566, -9.466167343531813, 0, 1, 0
5.956693131456474, 4.570358868022616, -5.803498996330192, 2.5727889931634014, 0, 1, 0
9.119641938768162, -1.9543189424808691, 5.485834030195063, 8.952743000794548, 0, 0, 1
-8.512949011527443, 4.15000867757481, 5.418777603385401, -8.176858619869154, 0, 0, 1
-4.954362080876884, -1.4610148088359338, -7.67013329904067, 3.450337747787282, 0, 1, 0
3.6520215839389802, 9.848033627424403, -3.604338827358716, 4.07208043805886, 0, 1, 0
-6.434773205050627, 8.660371219115504, 6.233212787766572, -0.6232800011631472, 0, 1, 0
1.9868295136777814, 3.68653127629614, -9.603843856418433, 1.783501166749513, 0, 1, 0
-2.5125221407564924, 8.630021791267218, -1.4702870657063496, -4.946333018572224, 0, 1, 0
3.7709229037961567, -6.835206065715852, -0.05080691075455768, -4.368836281061562, 0, 0, 1
-2.9572573364513266, 9.01661564550205, 5.71759217219315, 7.558822472374338, 0, 1, 0
-9.96498120015719, 1.3302922022204342, 7.622545546676285, -7.24337139038526, 0, 0, 1
-7.408961671129317, -7.226937411924329, 4.420405828589761, 7.657126624908823, 0, 1, 0
-4.469691167804268, -1.399555016029419, -9.714798768849484, 2.805421349036237, 0, 1, 0
1.0133469062919467, 9.148449711105066, 5.537797750689926, 0.6856005781728776, 0, 1, 0
3.1742007812364967, 3.214275964169893, 0.24089628376108507, -7.856480198845491, 1, 0, 0
-8.083708350585638, -1.6774279119807431, 0.19939857078688128, 6.995967364402475, 0, 1, 0
-2.4174404388374837, -0.5793190237969714, -6.811143363272372, 8.772475094894169, 0, 1, 0
0.32160525690839137, -9.913120819215253, -8.740424494603847, 8.303420282110302, 0, 1, 0
2.8052096221620264, -4.794188130085444, 3.428388495663361, 2.768904125675979, 0, 0, 1
6.393074726868921, 9.522318029553777, -8.506543952276253, 4.880470817387323, 0, 1, 0
-7.156388236748236, -5.851314978604817, -9.982033176339247, -3.0759440795872095, 0, 1, 0
0.28278569238390006, -1.7199843058921331, 2.1842339877897103, 8.692167912932192, 0, 0, 1
3.609388169650636, -9.519309922828949, -2.5294439459822353, -3.0376687613491296, 0, 1, 0
5.085004975593186, 0.020353174777865135, -7.0596845620589725, -3.0325295184890413, 0, 1, 0
5.502666083864247, -1.1654852848339292, -5.9592723361958155, 4.388621139521069, 0, 1, 0
-1.7024245819553858, 3.0334134181185686, -8.26545680792325, 5.396867401617051, 0, 1, 0
-7.958706150743508, 0.20165417818429532, -9.6995095348449, 3.018375240740541, 0, 1, 0
-2.7867124102947827, -8.980294260652872, 9.608186986114916, -8.840636042338161, 0, 0, 1
7.020526387272646, -8.93627951803444, -4.122753559668899, -5.6561372129508, 0, 1, 0
7.084234495220816, -1.2246117700005925, 1.5547842772467, 7.743231653116286, 0, 0, 1
-2.8102873697924835, 1.7914256787818967, -1.866632603046778, 9.182747406504465, 0, 1, 0
9.010120322466882, -2.872090168703389, -4.9098167079080905, 1.8178182429717005, 0, 0, 1
8.321297400780626, 3.662478837027436, 8.653697966902378, 8.483630120048126, 0, 1, 0
-5.5136415062070085, -4.867656927028511, -0.22035279787161954, -4.840122999083309, 0, 1, 0
2.6633510797579536, 6.474567696673127, 6.675053078995575, -2.8030214052661417, 0, 1, 0
-2.3631116712294107, -4.681443150472568, -2.1980504748402394, 1.5155669262239542, 0, 1, 0
1.8679060283433202, 0.8271029641977989, 7.280844485983646, 0.6853861784028759, 0, 0, 1
-3.8449837052472793, 0.8481510220319741, 3.5421179111777423, 8.585539217379662, 0, 1, 0
6.58923747790476, -4.401814422757279, -9.769302960377793, 7.610968219866496, 0, 1, 0
1.4076581650449231, 5.377757360868973, -4.606881986654773, 4.964850998932892, 0, 1, 0
7.768321017626821, 8.776180948492225, -5.2048910107486375, 9.248388725914243, 0, 1, 0
-7.3713809798338366, 9.8911723866552, 7.930654006977871, 4.697441083703861, 0, 1, 0
9.440993983038233, 2.3033085988384254, 5.81161112329532, -6.863185882970312, 0, 0, 1
-8.779935286743536, 0.4347079109562131, -8.21890280499072, -7.67927742455121, 0, 1, 0
6.472988415729716, 1.6741044594320016, -6.157852036951972, 2.861163603542913, 0, 1, 0
-9.377079391561951, 8.242108290196445, -2.3513840755221356, -9.85482025884782, 0, 1, 0
4.772504723990572, -3.0858572912802256, -3.2376948433172403, 2.5218846893505606, 0, 0, 1
-2.725365782494361, -4.751568732201852, 0.007405974905660528, -9.27691815387314, 0, 1, 0
-8.80556865539661, -2.877171799948984, 6.54039025145601, 4.0343126626845045, 0, 1, 0
3.446777953508672, -8.02198204119782, -9.500723872101272, 3.4413783873624055, 0, 1, 0
-2.907756442626824, -5.8600080832187125, 7.250220252783141, 1.7142600993226544, 0, 0, 1
2.3678149061127645, -7.785400272247102, 8.965401416162681, 4.5037553154415235, 0, 0, 1
-0.04884603901246898, -5.753240676481854, 3.879018106441487, 9.468057444071427, 0, 0, 1
-7.813134462485618, -5.799009239207492, -5.156580924595046, 2.7531907114913636, 0, 1, 0
-8.369003142402043, 7.560164368506598, -0.45931362102707496, -6.28398881120793, 0, 1, 0
-5.531917687287516, -6.603659408448106, -5.093406874264314, 0.2320922400020482, 0, 1, 0
3.140043706232703, 4.719062128439109, 6.602479581070355, -5.130601783809532, 0, 0, 1
-3.4523626945225345, 4.420550602684054, 2.3807176073923326, 1.0435287705825314, 0, 1, 0
-6.814228909469317, 8.74480109603368, -5.982199458397087, -1.8452121838206477, 0, 1, 0
-7.223171003732444, -8.163214958348878, -2.268901864191937, 5.147193705265966, 0, 1, 0
2.5713602512010176, 6.689471051417975, 3.2638102552219355, 2.9887864892318774, 0, 1, 0
-6.737370424315971, 8.300007534353067, -5.6530537436031985, 7.887317965686002, 0, 1, 0
-2.9050422799331335, -8.867295942673131, 0.6734387067488576, -4.863636286400089, 0, 1, 0
-5.787161968549323, -4.443561637049337, 6.258299786717771, 1.7097197900105812, 0, 0, 1
-8.4285027619584, 7.247700177714091, 2.8299979273369544, -6.98068652161429, 1, 0, 0
-1.1485667206107486, 3.62267491110725, -6.074808880721596, 7.831153719607347, 0, 1, 0
2.762194961664356, 2.02835583688149, -0.938697415841137, -5.00449188752309, 1, 0, 0
-3.8201452669781375, 2.131482461528611, -8.0082528283858, -2.4510046618296784, 0, 1, 0
-6.374089883814608, 2.567292038615463, -7.785025703620644, -8.578705945321687, 0, 1, 0
9.683589655758624, -8.714814297256439, 0.9633727515877091, -8.82783663404539, 0, 0, 1
2.9694453221603503, 1.474886905157419, 6.6794060620849045, 4.991359363771677, 0, 0, 1
5.645249511881383, 2.7064523439418764, -7.302140694717942, 2.4198380170482388, 0, 1, 0
7.462494949559911, 3.742264804310288, 8.471231515738754, 4.788061629416449, 0, 1, 0
-3.7634319876150375, 0.4057744380113544, 8.4172355283132, -1.4195450914183372, 0, 0, 1
-7.250852890895145, 0.8622556137210946, 9.672229001145915, -8.321763704680727, 0, 0, 1
5.368781357709683, -9.513529827591745, 1.8087571541819525, 9.699128735670413, 0, 0, 1
-8.937831110757697, -2.087639585178178, 0.7039474373236043, 0.36543090379118404, 0, 1, 0
-0.5947729156328236, -6.8920510713439675, 7.708265668576708, 3.8864389033459297, 0, 0, 1
-0.23896518640171927, 2.7799795720633025, -9.062889571796585, -7.583323082692607, 0, 1, 0
-8.403558031843769, -4.3710507333143855, -7.377595155210045, -1.2931733817295985, 0, 1, 0
-6.452090356709478, 1.7322511559968117, -3.4325181010330645, 4.676199180388917, 0, 1, 0
-5.652495685803004, 9.442501421758209, -4.843564031107148, -0.8132737645941202, 0, 1, 0
-2.8327112797800034, 7.787908892048481, -3.241169971060552, -2.427882287850549, 0, 1, 0
0.7636518360877638, 6.4948685823450205, 8.829946852675615, 3.3612639798602384, 0, 1, 0
2.231272501978685, 2.0007527209821863, 8.300620419113255, 1.4341958386051452, 0, 0, 1
1.4169864223417772, 0.3303924251023638, -7.733757764908372, 0.2703176672897847, 0, 1, 0
-1.2118564412053008, 3.040374467633839, -0.3844066478239405, 7.161744859610565, 0, 1, 0
3.9867658046943895, 5.799491710867496, -7.6319645520448525, -6.904322568748297, 0, 1, 0
-8.427786211682385, 3.51693912107355, -8.596211754994565, -4.908723446963692, 0, 1, 0
-6.720703754909664, -9.400883624051177, 3.5637114632705735, -0.22795687905883355, 0, 1, 0
8.775480528723207, 8.224602312885505, -6.42737952825957, -8.11316188336963, 0, 1, 0
9.09824108662933, 2.1477492117079677, 4.624834738031417, -7.689436337765975, 0, 0, 1
-0.13787371578527186, -4.565598170536384, -4.322662201860297, 2.390972158122329, 0, 1, 0
-1.9080437030215016, 5.9404578786066065, 1.4412921347847636, -8.770753684812576, 1, 0, 0
-1.9883193783407656, 2.9755957205666217, -7.846539401377802, 8.184365862135014, 0, 1, 0
5.563090311159888, 6.87281098071151, 1.2778264150385876, 0.5047904935222078, 0, 1, 0
-4.64161718014703, 7.144686000954678, -2.6102845522622973, -1.595639228632507, 0, 1, 0
-1.4108585712550479, -8.10134897851448, 1.7791900466099335, 3.1484052320702016, 0, 1, 0
-9.202818926052572, -6.46537984556769, -0.7079406225625142, 6.4773738833504595, 0, 1, 0
-1.791196675873918, -7.586454198503147, 9.678921485170221, -2.682908043583346, 0, 0, 1
5.937040176213273, -2.027677405638471, -2.913977118634609, -1.9779135435716775, 0, 0, 1
-6.730459396136208, 3.2228490678699906, -7.3931005491842985, 0.5696580608234072, 0, 1, 0
-6.019309962177328, -4.243197978587448, -6.902334725904434, 0.5108008955189973, 0, 1, 0
-7.199863566644426, 9.685961548092756, -9.218401247271524, 9.858240699329524, 0, 1, 0
8.719101333394228, -7.143097881760028, -6.042175877858966, -7.404813439308113, 0, 1, 0
3.1220874344567235, 8.361761252564264, -5.37851130374638, -9.645546180962373, 0, 1, 0
8.877011201752822, 1.8489550109249322, -5.5132217032430795, 0.7450220597651871, 0, 1, 0
-7.092203878374866, -9.30827726577794, 9.880074737537687, -8.041128375586649, 0, 0, 1
9.827429167845953, 4.137750358384917, 3.4858375850533303, -4.623958698764424, 0, 0, 1
-8.271286905869509, -3.8176783797413467, 8.694147373872877, -1.8096898364879603, 0, 0, 1
-6.456903320018623, -1.0438713948446647, -4.374521660792884, 1.3346794393540744, 0, 1, 0
3.161864612792556, 7.004390273710893, -4.8979457444036125, 8.27844035731556, 0, 1, 0
-1.430612519118288, 9.849019367177515, -4.542522334746328, -1.2622532766602248, 0, 1, 0
-4.724360552953724, 2.433522554316337, -2.291370328651448, 2.0987373088014944, 0, 1, 0
-6.887819495465522, -8.079910053908783, 9.033796730932686, -0.3482410266754403, 0, 0, 1
-4.83128163722869, 3.183008270889058, -0.3957514233867414, -9.886579085088604, 0, 1, 0
-4.294467500548096, 1.5769142338898572, -3.473460280091251, -8.32141994420505, 0, 1, 0
6.94629368230062, 9.717255039008919, 8.341139880167852, -2.854287593091972, 0, 1, 0
4.8811802244191895, -4.956340563928867, -8.550988453696942, -8.103916206445506, 0, 1, 0
0.29017826090109544, 7.8551072337921255, 4.559530110358974, 7.501856534509852, 0, 1, 0
5.378527145543382, -5.8406709394607095, 8.114879856870921, 4.3401931572427, 0, 0, 1
6.087730338837826, 3.723461122123272, 9.451429806394238, -1.4026756358345391, 0, 0, 1
-6.7853871624848745, 3.3843627541253163, 7.659357263548003, 1.367911068428267, 0, 1, 0
-1.7827933429660252, 5.862540610070592, 0.5180746552152904, -0.06698370448638791, 0, 1, 0
-3.692269154681018, -5.2327293228510445, -7.114354920161121, 3.5517092857284975, 0, 1, 0
-6.413793999894426, -8.328001153808088, 3.6183944687332925, 2.7260308958245574, 0, 1, 0
-2.5793628360048695, 7.353947720189556, 1.2008724786345244, -7.573132029535776, 1, 0, 0
-8.626488325477805, 8.032690173961544, 8.757973787727753, -7.101036327472439, 0, 1, 0
-6.894397929727285, 8.99673582939279, -8.299207956669484, 9.473128495492567, 0, 1, 0
9.943490913111479, -5.3225687403802615, -8.275574677752132, 8.800848796405294, 0, 0, 1
4.800479931198286, 3.7854840763776956, -9.829679923052751, 0.8042727461104615, 0, 1, 0
4.561218309477539, 7.206255559439889, 5.820060267960681, 3.5351347893174427, 0, 1, 0
0.10920963720847432, 5.997526951133054, -5.620391227128167, 2.6659997239084916, 0, 1, 0
-0.5904338837556704, -5.672548578899609, 8.525050095526993, 1.4388085023680741, 0, 0, 1
3.9995673550290824, -2.969904864658557, -3.688851685118327, -7.528788176145772, 0, 1, 0
2.253978323309674, 5.825069880031549, -7.871653613574642, 3.843355054894161, 0, 1, 0
-6.429568899995447, -1.1558151855859045, -8.233762615469173, -3.841929572560792, 0, 1, 0
5.499700268497552, -4.076742117328916, 8.344070091072503, 5.926214296336385, 0, 0, 1
-1.1533489689013692, -2.006561240184382, -0.3251744109788781, 9.95101300997241, 0, 1, 0
4.550867767329731, 4.314975558926806, 9.180395574858593, -3.123386582882789, 0, 0, 1
-5.8655907194435555, -4.652726582555439, 0.4090793386144007, -6.383503850728042, 0, 1, 0
-2.122642124128827, 2.241095664091919, -2.9098187447105612, -8.916341531517144, 0, 1, 0
-3.0025196042854896, 6.2433003430456395, 6.761081291717051, 5.908645734148401, 0, 1, 0
-7.185619844675818, -1.7334754447142942, 6.084082413503939, -4.021775328564353, 0, 0, 1
5.880237881038449, -0.9137158426054359, -9.085977822116565, -3.3744566949896786, 0, 1, 0
2.254987932860379, -5.512610466923849, -3.6826954659459616, 2.9857014738888026, 0, 0, 1
-2.841174757499795, 4.601024908293516, 5.732974640900723, 5.422413542597749, 0, 1, 0
-2.587957425316776, 7.146266073522284, -0.10974333161010641, -5.774407831846926, 1, 0, 0
-5.826662758284557, 6.5623325745399725, 8.413770626491761, -7.354437130202743, 0, 1, 0
3.9061258798028007, 3.8013772265060712, -2.3522761428506467, 3.352959003929495, 0, 1, 0
-5.962180707586082, 9.51165042794852, -9.742433344825372, -1.9735165554906793, 0, 1, 0
4.665936881055096, -6.815593883774985, 8.835997403988614, -4.880522924885398, 0, 0, 1
-1.0338154300273477, 5.487499123200541, -5.14001436305233, -2.555643400436102, 0, 1, 0
8.520367377679968, -9.314225651004456, -5.863750081445906, -7.504525509432203, 0, 1, 0
-5.3460664094174595, -6.994147774295019, 5.00143158016793, -0.7012497869791687, 0, 0, 1
8.125705233833614, 0.3777646228567537, 0.0361945061181661, 4.861414458072472, 0, 1, 0
9.012997596996371, -3.73168447694354, -5.456367570653729, -0.5557858154903101, 0, 0, 1
-3.324636711424514, -5.429116401555537, 1.9708201531184937, -2.5018538872254332, 0, 1, 0
-5.602367164381951, -5.792469473459045, -9.028303324723758, -4.586883538675906, 0, 1, 0
4.1137493467488095, -2.2528079116031563, 1.124267974460622, 7.60369215980344, 0, 0, 1
9.377922778659464, -9.5496688501675, 6.767900472864461, -7.562272854876832, 0, 0, 1
7.921718870253173, -3.9343893313474894, -0.14016305568635623, 0.15424127232015294, 0, 0, 1
-7.1636595936322855, 6.573952751501441, -3.7219186004818976, 3.1132017323343106, 0, 1, 0
-4.79738794024912, 6.4148047456586745, -9.662636294803878, -4.816406357482265, 0, 1, 0
6.548829859378202, 3.432713585641567, 4.163691771292914, -2.315351242346387, 0, 0, 1
-2.3615541832342535, 4.072748363983234, -6.826039793354477, 5.952243253566438, 0, 1, 0
-6.583799457449373, -2.1645616796633984, 1.4880715177804564, 3.217763487816679, 0, 1, 0
-2.2065377757915003, 5.906909311146899, -0.7123002366685771, -4.090785027523891, 0, 1, 0
8.939587333677142, -8.57732770898255, 3.908715478102078, -4.753397896305378, 0, 0, 1
-7.4651858664421304, 1.707417504725706, -9.666318036460465, 8.738632778981064, 0, 1, 0
-0.7578490910855358, -7.902582622087833, 3.769562688548847, 7.799850962031563, 0, 0, 1
3.9086422295815524, -9.658481273641103, 0.9410924236015834, -0.1177801052656875, 0, 0, 1
2.735420853242008, -8.00640153605789, -9.395761917995179, 3.385130322251994, 0, 1, 0
3.985564212308061, 8.835132205316395, 0.8226489139826256, 3.760488523990144, 0, 1, 0
-2.501176061342086, 5.430847339067071, 4.317925299665857, -4.970488005769667, 0, 1, 0
4.293361424605065, 0.44235574567800207, 8.65065993678321, 9.43518429968282, 0, 0, 1
2.833500314892037, 2.608134547531666, -5.27199876274541, 4.747478857053199, 0, 1, 0
0.7791457561678943, -3.494984420712565, 2.820486972490553, 7.324729644378987, 0, 0, 1
6.5474443307833035, 7.1632871297948455, 8.515708455124734, 5.594556050186304, 0, 1, 0
3.493452404389835, -1.7380637916447892, -8.929650280126207, 1.0745557542306177, 0, 1, 0
7.847498980279781, 7.991037181574402, -7.319048409033124, -9.242515107264051, 1, 0, 0
6.685952151513636, 8.96006629753861, -5.473486276098288, -2.967874432433338, 0, 1, 0
9.051646645670594, -7.6510662574558825, 8.55975319564331, -4.834196062215695, 0, 0, 1
-5.260047435415931, -0.9291264000018717, 1.668940219873999, -2.377165077429807, 0, 1, 0
7.616408708326709, -1.2406319432149786, -3.13798853807989, -7.519385888017428, 0, 0, 1
-9.475221121439347, 1.0701504960051516, -2.2714953274799026, 5.368074521128124, 0, 1, 0
6.559705714024467, 5.8865913357057575, 6.939674186026526, -9.832993652593807, 0, 0, 1
4.225117785029633, 5.940675128223688, 4.070739696766594, 8.844406874312277, 0, 1, 0
-8.257157801770212, 9.5105302145288, -9.092574026013061, -9.414256857435339, 0, 1, 0
1.0397434286026943, -9.092156933197824, 3.9981140820300727, -8.97949312766059, 0, 0, 1
-9.71118500442765, 0.6483981249148023, -1.7722941431087875, -3.009846179285015, 0, 1, 0
-3.632733641952618, -1.9130523092639873, -6.184151478197496, -3.879804152008055, 0, 1, 0
-3.3219635828034786, -6.7418144441870105, 1.1209102771807977, 4.777406712424666, 0, 1, 0
8.530362471253781, -1.5125885752553998, -9.608545517366634, 6.462331589526652, 0, 1, 0
6.745577955965686, -8.587120770750158, 6.795589670909376, -4.426583533373933, 0, 0, 1
-5.609122941088454, 2.4275273887568733, -9.070161571293212, -8.140419385461332, 0, 1, 0
-3.5647878952160417, 6.936978640471111, -2.9521659635715958, -4.922225044538372, 0, 1, 0
7.08823382718872, -8.091620485341, -1.4462992043450011, -8.014227067126999, 0, 0, 1
-8.776919673558753, -2.6028235967284177, 4.213323748769856, 1.402300201078086, 0, 1, 0
-4.744974921804376, -4.451255628117945, 5.754928894226872, -7.652902182961302, 0, 0, 1
-4.865309062816813, 4.2095445721454645, 2.9685949780832015, -6.593684710838685, 1, 0, 0
4.531645194874912, 7.259796530594954, -0.4812935416033923, 7.540186828719541, 0, 1, 0
-7.035240259503592, 6.618858546306779, 2.428149325972493, -3.239982274007044, 0, 1, 0
-4.208408395856809, 9.470199169344362, -5.937126919597912, -5.70334685766294, 0, 1, 0
2.9349958863737964, 2.2169100736346614, 9.050418519904099, -1.4668647346398167, 0, 0, 1
2.4294368701192717, 4.032361644335261, -6.384845011115468, -5.632016731254764, 0, 1, 0
5.763646837213843, -0.5542877179357628, 7.449814843689005, 1.8160240965969976, 0, 0, 1
-2.5828818197282413, 4.622551395847719, -9.041488738284208, 9.017820534770294, 0, 1, 0
0.5100504637276977, -9.132119603050928, 3.7584683921926043, -2.439814551006916, 0, 0, 1
8.596706268655467, -0.6127666172630928, -1.2732985016299878, -8.538274671201723, 0, 0, 1
4.491295970273807, 9.223565440263396, 7.226932298963394, -3.9150191628909763, 0, 1, 0
-6.456995213617103, 5.3909476731861705, 2.3213418816781335, 8.003958388233539, 0, 1, 0
-3.4850642892928168, 0.23007434337868915, 0.768378959395168, -3.4314709405561308, 0, 1, 0
4.26760493510757, -2.7305151953969684, -2.6220736990785563, -3.750112752313778, 0, 0, 1
2.479612712040362, -6.720685109831711, -3.9053171844712073, -4.656082351997533, 0, 1, 0
-4.170348492530337, 8.928617722787251, -3.4748114615095833, -8.027867264127297, 0, 1, 0
-6.367163283921389, 2.117947569171875, -3.211604409484009, 0.7500938562443906, 0, 1, 0
-0.10471415245193683, 4.2576068613015146, 2.477047849668679, -2.0137901008193335, 0, 1, 0
0.08435632571780971, 0.4383862067192723, -2.442673813757801, 0.42007421628575514, 0, 1, 0
6.510405501588437, -5.234951747225109, -7.644207103943549, 3.684664849976386, 0, 0, 1
4.892875195896661, 5.920386126227857, -3.7811799318442034, 5.1607623021866935, 0, 1, 0
7.011740746447696, 7.296606226496682, -2.7745410580069487, 6.467785777741945, 0, 1, 0
-9.926594672690422, 2.0391253903690387, -1.280695298351672, 5.604689827004769, 0, 1, 0
-5.4806072616393715, 7.459250082010055, -0.47384970377844304, -3.9907551063181623, 0, 1, 0
5.058083485373334, 4.177393538028651, 9.995615659279572, 5.013682942378189, 0, 1, 0
-2.9149476219503896, -5.269737679171254, -4.299074902338477, 8.00680790003706, 0, 1, 0
-3.730381538034594, 0.6707499505350114, 5.8333986885069855, 5.086780979804127, 0, 0, 1
-1.2488410860527495, -0.6962383867689592, -9.405787074661715, 4.372454385446595, 0, 1, 0
6.404904609734615, -6.991813945114526, 0.7507393093550281, -1.3779572636717727, 0, 0, 1
-3.7447905045676935, -5.8424845225375535, 8.36098263895185, 2.245652495066473, 0, 0, 1
4.788412020908861, 6.041014406849172, 9.323341818211293, 3.902013997501701, 0, 1, 0
8.900816989550748, -2.637389373331046, 0.5595915720609916, -6.919743612836927, 0, 0, 1
4.177266291425221, -3.977782043618049, -7.275651841087105, -4.662156977999096, 0, 1, 0
8.318532369247887, 1.0258874441617571, -4.187131689017233, 3.6389693215670853, 0, 1, 0
4.038330667670039, -2.8500153929228036, -5.193746460226246, -4.152188987542031, 0, 1, 0
-5.169492305801013, 6.500526441494248, 3.80729774656114, -4.8617982747321005, 0, 1, 0
-7.485758865943998, 8.387722428137309, -4.650760290515963, -8.829681444368177, 0, 1, 0
5.916750876194216, -6.926020829438242, -7.371379703921908, -3.4485191262553077, 0, 1, 0
-0.9631835254669099, -7.135424761630327, -0.18187064220284554, 4.649511228617984, 0, 1, 0
-6.085854124317809, 4.993502923750086, -8.28655271711133, 2.263080027076917, 0, 1, 0
6.788316488633079, -3.368719226386733, 9.156675710881444, -9.659181842421733, 0, 0, 1
4.947035980851872, 3.9482079604399427, -0.878386372178042, 1.3010700565302145, 0, 1, 0
9.379819854805163, -4.137115056690348, -5.525544563087423, 7.577453254525295, 0, 0, 1
5.8176838680252825, -2.5586320611455626, 4.607821691132997, 7.163723081892229, 0, 0, 1
-3.3430923769916845, -9.260641680686103, -4.097079874061551, 5.19882086440866, 0, 1, 0
2.4290572444112293, -3.232940851353547, 4.306097875491762, -0.27303133638251254, 0, 0, 1
6.028565976782033, -2.215162847291289, -1.160204648580498, 2.451541466848713, 0, 0, 1
8.654399932666866, 9.354676417705917, 6.051772030094533, -1.5413916351000747, 0, 1, 0
-2.658000380107202, -6.88948904019291, -9.424582179367814, 1.8655074163645065, 0, 1, 0
-3.9173556463408072, -0.8762356875819322, 4.668941551199621, 0.26597053290622696, 0, 0, 1
-6.9183330316647575, 5.5546092500698805, -9.42261342863674, 6.865480317205879, 0, 1, 0
-2.6486848726164016, -9.545010467779361, -7.4392201087620204, 5.845711154791392, 0, 1, 0
-2.160128165111005, -1.3455829356543632, 3.389553489810579, -5.883728878518441, 0, 0, 1
1.9665015823983119, -8.014664742171142, -8.185805472631849, 2.8084411997387377, 0, 1, 0
-0.7446090461428323, 6.152117129486108, -8.281129812021334, -1.3397252798731092, 0, 1, 0
-4.622389979019012, 4.855714205119625, 1.9598698019794512, -6.265997801099903, 1, 0, 0
-1.439073417074546, 8.987237931688892, -9.489644421026876, 3.265150596045494, 0, 1, 0
2.686333410761474, -5.338056113262687, -0.8631989503573614, -3.0082550519184466, 0, 1, 0
-0.04339873327100641, 9.179586786394747, 1.5989637894551105, -8.886120710003246, 0, 1, 0
9.923062743583259, -8.308502779485892, -7.699986443715163, -5.652412891226081, 0, 1, 0
1.7867136801531132, -0.5332391199344961, -3.4544026355512445, 7.061439453187138, 0, 1, 0
-6.661662886227324, -2.8490397766460855, -8.863959954522532, 2.076800666785241, 0, 1, 0
3.083751980719974, -9.549738419963857, 1.0012407931504956, -2.0382376909434043, 0, 0, 1
-6.211022844636358, 3.2387969052599725, 9.710961561515443, -2.588084318017626, 0, 0, 1
-0.5425063476630054, -5.109625009405252, -2.930317787886745, 0.5250529248849745, 0, 1, 0
3.4169104105871675, 7.45244652845545, 9.765906436259815, -9.456799141809716, 0, 0, 1
9.642290025782906, 0.2539789351886039, 3.105592957281317, 3.423004100761844, 0, 0, 1
2.573698606609227, -1.3383236114579837, -3.096686142076126, 9.711190052196006, 0, 1, 0
2.1157750171217025, 4.121821780745789, 9.798752143885359, 9.697431390964162, 0, 1, 0
-0.9882624591646074, 0.9112034788873054, 6.889654061239984, -7.590148429195466, 0, 0, 1
9.512720731791443, 5.63720079867039, -1.523477431164812, -7.096644918013665, 0, 1, 0
-4.985793286462218, 9.621002003374045, -5.9873113483131455, -9.686963921267056, 0, 1, 0
-6.502264792333481, -6.283470995856203, 2.2104552817579624, 2.946804767915424, 0, 1, 0
6.783645933858885, 2.068077806415072, 7.796484799029532, 8.632906516377304, 0, 0, 1
9.597086766547097, -7.310576502844029, -2.480386790111842, -6.061131598456359, 0, 0, 1
-8.340334258200757, -8.26323737309465, -9.752714168165213, -3.005933199546269, 0, 1, 0
-1.1089633829467758, -6.264372987795795, -3.4250405772705754, 0.3632471013643048, 0, 1, 0
3.849678092566169, -4.336569334537056, -6.73730513860346, -6.796858253328529, 0, 1, 0
3.218362114028242, -6.538408341136951, -9.660622421494043, -9.466666085397204, 0, 1, 0
-6.832643736541571, -4.178027712822905, 1.9588431771652974, 4.730954056014751, 0, 1, 0
3.6550468269991914, -0.7044472315835062, -4.554080196914301, -7.425990252488289, 0, 1, 0
-0.7300769121991824, 6.3959482109155275, 6.632439092096146, -3.055481162413713, 0, 1, 0
-6.997322401496266, 3.1288042353134635, 8.751484145760294, 4.383606302730556, 0, 1, 0
-1.9223037510748515, -4.197275822142733, -3.187944327102948, -3.139083428838795, 0, 1, 0
8.672375175483701, 6.590713493801054, 0.757174180241849, 5.863492105092616, 0, 1, 0
6.501615436981254, -4.852715681704094, -3.143373296197211, -6.826036077377403, 0, 0, 1
5.2464041650511355, 8.591927829474177, 9.828377272853803, -0.12782345997533895, 0, 1, 0
3.245472038744703, 4.173277529968544, 7.070906822137026, -5.3813907110045625, 0, 0, 1
7.151704699337344, -9.57920500989035, 5.707291213659239, 9.55114237943252, 0, 0, 1
-4.210482525737249, -5.949837777740247, 9.638529904018402, -3.5355702571270857, 0, 0, 1
-5.21890894287215, 5.140306025343158, -3.065832375113774, 7.683602114060708, 0, 1, 0
3.142585164468077, 2.4817871360489097, -8.23677758604138, 3.567434667408202, 0, 1, 0
4.066045253568349, -9.447333411987561, 4.366477464496381, 7.950317188142947, 0, 0, 1
-6.648109581623277, -4.74553105176684, -1.2167799431908772, 5.059921012753584, 0, 1, 0
-1.3061465934413246, -2.6857854205583154, -2.97507431962298, 9.785310858760639, 0, 1, 0
1.168733691409571, -1.1475934978330482, -0.539522483264804, 1.85391776815705, 0, 0, 1
8.533783004867743, 3.325530026725275, -4.77570742125423, -2.417637348369527, 0, 1, 0
-3.3660610082401243, 4.527647148132159, -7.361368088685613, -0.634571328123366, 0, 1, 0
7.562016322073536, -7.518519562444892, 1.124078925291112, 6.296231670443074, 0, 0, 1
5.382832919891381, -9.299912796961102, 8.840252067353692, -7.594301792604058, 0, 0, 1
7.189892715397242, 6.6732897314584285, -9.925070349092163, -4.637250748759718, 0, 1, 0
8.425823058199985, 9.87521378317625, 8.83718381581697, -6.213317437196764, 0, 1, 0
-6.358155382963901, 7.556450580040202, -3.895927897606012, -9.973660744714392, 0, 1, 0
-5.938761204452608, 2.42090867479374, -4.7161875174921875, -4.075134431046962, 0, 1, 0
-3.870085419095161, 9.957821024562147, 7.516430279946157, 5.922885758766386, 0, 1, 0
2.8744894512344565, 4.070536603252652, 8.760128933358999, -7.778966491007696, 0, 0, 1
-5.307764501919861, 1.0648977528628407, -5.805633522479624, 1.4170144365248323, 0, 1, 0
6.6430674850209925, -5.278322703800314, -5.523920234071054, -8.4963138301374, 0, 1, 0
5.0488403602730685, -9.735800810035226, 8.319764592833707, 9.350408017332857, 0, 0, 1
0.23603881254607728, -7.218498362795682, 4.403372571991465, 4.966617810990018, 0, 0, 1
9.680447690040083, 6.272608617447599, 9.22273667493031, -2.4095217289447426, 0, 1, 0
-1.5650046950043208, 9.791498668394748, 8.665377636749938, -4.725963731634414, 0, 1, 0
-5.883269084563139, 5.800052255298967, 6.691079818034115, 2.9323207647224514, 0, 1, 0
5.1348575647617025, -8.477507884836527, 9.472575764857499, 0.41767566018629587, 0, 0, 1
8.164138206357201, -7.303643951799555, -0.16390423763725082, 4.342268116000234, 0, 0, 1
-0.19134829295396294, 9.636794607917217, -3.4075787073967874, 8.703619846470477, 0, 1, 0
-7.363798253873269, -9.080555671397855, 8.099921670788863, -0.9288208237517726, 0, 0, 1
4.796586807256837, -9.810661850408959, -9.111521318141149, -3.7801336933766185, 0, 1, 0
-0.9742267853460405, -1.5837079806177439, -5.641406893563181, -0.5525296044314878, 0, 1, 0
2.742777947682317, 0.04001131748781184, 5.123940862307297, -7.39983649803318, 0, 0, 1
3.9430597116905552, -6.793993216377681, -2.9647397403441094, -8.960414425917163, 0, 0, 1
7.701434184658076, -4.045745830072903, -2.328860756162955, -6.48161270491854, 0, 0, 1
-4.628909963475964, 4.6268158287866115, -1.8299920539511323, 0.5082391344514843, 0, 1, 0
-2.6918698254469176, -7.566475773959642, -1.4177385863930638, -4.164753907436856, 0, 1, 0
1.3111176766972594, -2.1709535793266044, 3.105690513321056, -6.996198667677212, 0, 0, 1
-7.104864836253629, -5.419623309476126, -4.3629024803465715, 0.15349180910433446, 0, 1, 0
-1.6796661595253575, 4.429600301398711, -3.800590352062411, 6.492183989143086, 0, 1, 0
4.820968441116143, 9.211432626103718, 5.022635830111167, 5.464703727264284, 0, 1, 0
5.287122789438406, 8.652567238850782, -0.5614508271969161, -3.9468946559107376, 0, 1, 0
2.891317332578504, 5.499346775700966, 5.970547467456456, -0.8918519275690677, 0, 1, 0
-3.0275455084757628, -5.764960681910143, -9.557854132520898, 9.37192126148004, 0, 1, 0
6.77431843093332, 4.304391906738463, 5.113554222096482, 8.258932762899871, 0, 1, 0
-4.190004651523197, 3.8117923838141348, -4.2399448036402205, 5.695816369585607, 0, 1, 0
-2.5637910107913386, 3.7150217190920483, -7.786221400735071, -8.355024931186357, 0, 1, 0
-5.541771452660566, 4.399471215158455, -8.447887570805795, -7.6374348335142415, 0, 1, 0
2.8831490654885528, 1.0758092771637315, -5.209483408932333, -0.7863345047395374, 0, 1, 0
-3.4345992344592693, 6.693519948373325, 6.980388740534146, 1.2789906800161077, 0, 1, 0
5.816330414179866, -5.331094756410967, -9.767330186333195, 6.761660583671954, 0, 0, 1
4.668982454887118, 6.063511760934961, -5.368798820007965, -6.743473977196716, 0, 1, 0
3.5392416238501863, 8.533315452995392, -9.297460708440031, -3.9957602107877657, 0, 1, 0
5.3426764511236335, 4.011017528367702, 7.9809955218718365, 4.540710185906249, 0, 1, 0
-8.664273414138831, -3.3410982384072145, -0.6897022159256512, 5.382356539081016, 0, 1, 0
-3.9668248751977577, 4.3647541358902835, 6.179541757413904, 7.930698719774696, 0, 1, 0
-6.5234300291740475, 0.282413889785488, -1.8319054468683458, 4.685137269406177, 0, 1, 0
-0.45865069630492883, 1.7541313319253415, -0.9359957421831773, 3.650258739316026, 0, 1, 0
-3.23126045671816, -2.2772250754186993, 7.87292713200344, -9.11530219908585, 0, 0, 1
3.607983344051979, 7.415471010569238, 5.7892885970833206, -9.99403172172328, 0, 1, 0
-0.9391090045399544, 6.050197443016895, -0.47165800373612754, -8.222626176766411, 1, 0, 0
-9.770300807324379, -8.875322527659742, -1.9937798064173116, 5.6182935068469, 0, 1, 0
-1.3617333822705469, 6.110051691583383, 6.467484764972461, 2.3630959784440204, 0, 1, 0
3.400424678530742, -1.875501848699292, 2.7216870583229174, -2.8815750651441396, 0, 0, 1
0.37535134254738267, 1.7301975058997972, 2.6778283029225776, 3.141284600431698, 0, 1, 0
-6.611454261751591, -3.068243755525092, 3.8338992902235596, -2.0971380044227175, 0, 1, 0
-3.925681362825298, -9.372910670644096, -3.652355109179558, 8.713260450732548, 0, 1, 0
6.400765765644966, 5.926069270785, 8.421167134503445, -1.2259898293884426, 0, 1, 0
5.2140050731664545, 8.519468912165365, 8.705021421753344, 3.639863894153324, 0, 1, 0
-7.029021492707088, 5.106872858063724, 4.8888883622777115, 7.039425204060702, 0, 1, 0
9.287701965909314, -4.085152695926443, -6.517828086632224, -1.1336944210965623, 0, 0, 1
-7.893542357670862, 3.0384610840298514, -7.025961800024827, 0.8473413953778053, 0, 1, 0
-6.112867973797427, 6.2873204687085575, -4.248375023830857, -5.993145162236479, 0, 1, 0
-6.041444920022713, -6.035234190540031, 4.381167764952949, -5.970645330832641, 0, 0, 1
0.19319025342966967, -9.147402811398452, -5.659895816659507, -6.066746458442298, 0, 1, 0
6.909081068313252, 4.328617553379674, -8.107964013753442, 1.1114366776828817, 0, 1, 0
0.7739030713093946, -1.700157482037394, 5.222801964368113, 8.145648491636685, 0, 0, 1
0.7485977703466062, 9.302278374928179, 5.837832594214859, -0.9039840711764917, 0, 1, 0
6.7502787228442145, 7.740581537476082, -4.5027288116993045, -9.322859970537415, 1, 0, 0
-7.306985872474958, 4.786374575824652, -9.216808536656577, -1.7100329658528945, 0, 1, 0
8.309281318592504, 6.843421550860359, -0.8518036226051873, 7.924105132894638, 0, 1, 0
3.104828136556236, -9.29880904932451, -6.084306033367434, -9.903118554457611, 0, 1, 0
-2.418636871696746, -8.872286350872502, 7.027138684423239, -3.7041830055900773, 0, 0, 1
-6.517052155228821, -5.280130857266546, -9.78192884464838, -7.024784291640289, 0, 1, 0
8.01403027866689, -5.664329824812864, 0.7399575182888452, -9.162296810728636, 0, 0, 1
-5.3845063575471315, 8.393399155881905, -5.970107967020063, 9.722420712803686, 0, 1, 0
7.8563224141748265, 7.797934234979532, 2.056000918176027, -9.537491248705187, 0, 1, 0
2.3280340211130834, -3.425676726468688, 9.149058339721087, -2.8147154361078117, 0, 0, 1
7.031056991327116, -5.206515833365971, 7.062557757395581, 7.228278581624981, 0, 0, 1
-0.26821363264146036, -7.22319422160424, 2.2650561259431097, -2.2510768437064606, 0, 0, 1
4.821845951872806, -3.485410024172352, -1.2420966249155327, 3.4147381938131254, 0, 0, 1
-3.798123613837233, 9.568726634405891, 1.3768685382683152, 1.4764430520480705, 0, 1, 0
-8.722322508097776, -4.339997728513553, -5.164026951028047, 3.8017073244795707, 0, 1, 0
-3.350543860974975, 4.886568046587785, 4.0881100735106095, 2.3944340145189464, 0, 1, 0
-3.6381992295562284, 9.682920574994256, 3.0257905242153385, 7.091600372033007, 0, 1, 0
-2.728724290024827, 8.952074301872436, -9.757526498175006, 3.086017404257328, 0, 1, 0
3.191158535513633, -8.108406047387238, 5.301118267374633, -5.667501201698324, 0, 0, 1
-1.3982912951141095, 4.395883173866144, 4.005846164192002, 8.438170914742244, 0, 1, 0
6.514198722557257, -5.342740581996153, -6.533174596975173, 1.5350321082095775, 0, 0, 1
0.7757356254270942, -4.583112082715664, -2.094628891020375, 6.0229238756107755, 0, 0, 1
4.863209917612005, -6.571903990847945, 3.303340139474413, 1.0225111204304316, 0, 0, 1
-4.359462817366916, 6.051294457191272, -9.784010816264903, 4.539911260148468, 0, 1, 0
9.54075764843298, 3.9256410179313477, -2.6082658453882974, -6.95085694871417, 0, 1, 0
8.298569805127833, -9.133616182549678, 1.86101905622567, -6.2405713723230045, 0, 0, 1
-1.3001686387230489, -7.958654602038979, -4.0831810022160315, 5.999518165364638, 0, 1, 0
2.5680666289143588, 4.671544383592693, -7.788627882389644, 4.848308663278962, 0, 1, 0
-2.4946805054762775, -0.1583114034302131, -2.750053700408923, 2.0064099468320666, 0, 1, 0
4.9886920186638335, -3.699446978838857, 7.940784272710225, -7.0803090916389175, 0, 0, 1
-0.9112687459733664, 1.9194788355005343, -1.925992691854944, 8.101218127692686, 0, 1, 0
-1.8857820294265544, 5.122681881823894, -6.69579411702966, 5.440282679833604, 0, 1, 0
-1.5381659900481655, -9.019279106994755, 9.30912581240252, 7.92281938620043, 0, 0, 1
-8.43436393813899, 0.9503557490885051, -3.6363140743394915, -9.859394114399047, 0, 1, 0
7.0483751674407955, -4.729162927125191, -4.203488153500245, -6.630166627760123, 0, 0, 1
0.48351872269227947, -5.100185226230037, 3.9562219353188866, -8.223082096419802, 0, 0, 1
-8.304181107461536, -3.4482431381234164, -5.955529769861851, -1.2349408079101423, 0, 1, 0
-6.137334413890416, -7.985195460722407, -2.447137018873886, -7.142830908830664, 0, 1, 0
6.493032573020567, 3.2734338255941093, -3.310111962868884, -5.117485362625441, 0, 1, 0
3.0649523777258363, 0.2645190666730137, 5.131024483186671, -5.721263315398835, 0, 0, 1
0.7231527244314329, -5.32737349873752, -0.658298801005957, 9.206272838267623, 0, 0, 1
-9.9793747998678, -0.6710858413349303, 7.222002389478497, -7.843226249256743, 0, 0, 1
-2.049461180367256, 5.807867839842974, 2.043117839863113, 8.291968087801695, 0, 1, 0
-3.307981571791685, -0.9977053995233511, -9.820236209696269, 6.861507257847816, 0, 1, 0
8.29119130889475, -6.984275037881115, -0.7691534006824501, 6.8438145224208995, 0, 0, 1
2.8385132052183675, -6.115681881138907, 0.6424679842975305, -6.303290005914537, 0, 0, 1
-5.266211524264054, -9.335070103097275, 5.25779993052492, -6.264691835392588, 0, 0, 1
6.29588481797645, -4.111177341132973, 6.5998844041488525, -1.9641957394612, 0, 0, 1
-3.4152483164403815, -2.9379251100765194, -7.559034320320484, -4.706183194511655, 0, 1, 0
-5.245347151181356, -9.39248496638261, 1.3633845426903015, -5.163527836633627, 0, 1, 0
-8.372237486006803, -1.642180751842531, 7.078719389195889, -4.164398896584473, 0, 0, 1
-5.979342030351676, 3.1593831317310155, 4.448336546518066, 6.953156747367771, 0, 1, 0
-8.399335443228173, 0.8434903765299779, 8.59709057891606, 6.774525650206268, 0, 0, 1
1.6108221521651487, 1.99518891609981, -5.774863723560639, -7.438825544639875, 0, 1, 0
0.1839926700033203, 5.936873124882986, 7.582783092550368, -3.334435407693701, 0, 1, 0
7.482252287437326, -3.409695249707296, -0.5795857918353686, -8.74830436834521, 0, 0, 1
-0.727048009041253, -9.3105446078398, 1.9126097727160012, -6.773007445397324, 0, 0, 1
-6.125829720928254, -0.9482038723994997, 5.700852319458896, 1.6152102833684587, 0, 0, 1
3.170805868306573, -5.060643560746985, 0.2697510506351257, 0.23243732295578212, 0, 0, 1
9.533785627937775, 1.1206780612099347, -7.128853451986263, 4.854604003417586, 0, 1, 0
4.268409541933057, -6.183626137759362, 2.97572084375458, 8.629424915942096, 0, 0, 1
-5.386604571429363, 5.534796153909898, 2.4810070975129523, -7.819906695662023, 1, 0, 0
-5.3568687361464224, 6.327186197194823, -1.253142976785611, -3.0928685204558395, 0, 1, 0
-9.186376649507498, 1.1709819413586438, -8.027881615808178, 9.799893610086244, 0, 1, 0
-9.879313893560001, 4.031687879018339, 9.360005063638091, -9.795398590990994, 0, 0, 1
-2.856577175136924, -8.253905455700078, -5.818019861270683, -1.8881317190305005, 0, 1, 0
6.657758856498525, 9.149895747727665, 2.2957656962311663, 2.7217901743584267, 0, 1, 0
-7.602121754364167, 2.372039888227377, -3.409132507354549, -1.7161317969281846, 0, 1, 0
-8.084243274333069, -7.0030163866481825, 4.021024952652411, 7.485778097755173, 0, 1, 0
-0.7876481631713226, 3.952303861245653, -3.7742250197447023, 8.109505250169665, 0, 1, 0
-5.601480871253405, 9.793856106602519, 0.37714346795209863, -1.1176128271583536, 0, 1, 0
3.361249637492582, -9.718109201508625, 4.524624848051289, 5.848196100372913, 0, 0, 1
-9.842904768811028, -7.894656340542555, 9.851132063125789, -7.932395170411279, 0, 0, 1
-2.0126316845475847, -4.787534696416714, 7.056330422431387, -9.367761453319229, 0, 0, 1
7.337248305481509, -8.14085097896906, -6.186103921470281, 0.5598263119160318, 0, 0, 1
-7.914101573598618, 1.6415339390009347, 0.5897496783126837, 4.696642353523821, 0, 1, 0
5.4740799383605285, -8.22306199847863, -9.47315974136496, 7.725185313134077, 0, 0, 1
6.627406038636067, 1.9181323386347557, -6.267275491853839, 7.467475206343213, 0, 1, 0
-1.1079252376723687, -5.462889604020347, -9.912720620591529, 5.495816485721532, 0, 1, 0
1.787925396015833, 8.472750037197372, -4.920647980142686, 6.207193013377111, 0, 1, 0
-7.002511125524766, 7.7568354354039, -4.31986501175904, 0.1710728882677266, 0, 1, 0
-5.386303437587946, -8.87069818511172, 1.4957133454716356, -2.406905476193365, 0, 1, 0
6.779262151931999, 2.4428552726483233, 3.3480978912432207, 2.400859600119693, 0, 1, 0
-8.581059956262383, 2.664009962540124, 6.67571537041837, 7.825467464432801, 0, 1, 0
-2.9875018042454036, -9.482239512485563, -5.998376587405045, 7.674612010677631, 0, 1, 0
-2.947037645125313, 8.187937484210327, 0.6816096560478258, -9.77766462591368, 1, 0, 0
-7.207891371663609, 5.34770912274146, 5.782824976268607, -8.420178749794223, 1, 0, 0
-0.11871934408262419, 5.726461753121793, 2.29756120233683, -0.20189123703254808, 0, 1, 0
-5.566540442205286, 2.4345499241885484, 2.0236806813737758, -6.386509759531593, 0, 0, 1
-7.049441401404069, -6.989988571493881, 3.2860180983720433, 8.826668196742734, 0, 1, 0
3.766240931007193, 0.21314616790653496, 7.9651149632246785, -7.168393236197714, 0, 0, 1
5.628423251038615, 6.6815829261585975, 3.661330562858531, 0.3306544340824029, 0, 1, 0
-5.607340473498842, 9.039980116784562, 0.5274413575080406, -2.2030693163178245, 0, 1, 0
-3.101535231387958, -1.696293275661903, -3.2170972662126163, 2.369951471858636, 0, 1, 0
2.171995226373893, 0.9670945866811529, -7.555959875488635, 0.20432699015565348, 0, 1, 0
1.710795421018636, 3.657230368655748, -3.7262285378418074, -3.0131893013665403, 0, 1, 0
-9.5944469606478, 3.087880263611618, -9.713155114889682, -0.15008384834513322, 0, 1, 0
1.3708137308111468, 7.8586025619220905, -5.362892651633775, -0.01917114947884002, 0, 1, 0
7.736625726212107, 9.382194308276379, -7.2648533327806994, -8.659613392622962, 1, 0, 0
6.747294662868274, 0.84869886322352, 4.368412510663465, -5.714702799783415, 0, 0, 1
4.395849366856668, -6.024632824596312, -9.259906401513101, -0.9190425793263319, 0, 1, 0
-6.429565118825792, -4.142021040498289, 5.7793253826812485, 6.021755782897472, 0, 0, 1
3.6338884912589045, -9.488330948859607, 9.572155829319804, -4.7663169888622665, 0, 0, 1
-9.029502095202684, 8.380263465633739, -7.70588525464101, 7.971722072908523, 0, 1, 0
-5.595482017656547, -7.9809469068334185, -6.420134173901815, -1.420569658009601, 0, 1, 0
2.756291475499184, -7.154150641129423, -4.183793735776, -5.908083867238874, 0, 1, 0
-4.317121223694236, -1.16532893440003, 8.975981752842657, 0.569450524900784, 0, 0, 1
-3.756071512473781, 7.104886144914147, 7.495334529082914, -0.5567054034009136, 0, 1, 0
-3.133041268742197, -6.381725127055182, 8.926988588146394, 7.051587680844399, 0, 0, 1
7.816860050809037, -6.802215565369565, 3.2478172021209346, 3.1511922707553914, 0, 0, 1
6.615120683151819, 0.19632898745887317, -4.863538944564545, 4.206331583767353, 0, 1, 0
-5.799591362383026, -7.124215288611229, -4.515487130040064, 8.393254307281811, 0, 1, 0
3.48377498494637, 4.892699744036747, 6.992040340319296, -9.673029035177562, 0, 0, 1
6.696181109499271, 3.7951834564074804, 6.192985491916996, -3.875741816067948, 0, 0, 1
-0.7580144474087351, 0.23540274716699727, 1.2200723826978699, -7.707752733355273, 0, 0, 1
0.8902824720788196, 3.817155861210617, -8.326096543262757, -4.981691313433317, 0, 1, 0
6.560244996361547, 8.126464252419055, -3.687995054613796, 6.955555852947551, 0, 1, 0
8.152108228836259, -7.908650682265241, -5.228995715840252, -7.3471059730961485, 0, 1, 0
6.642428402156767, 9.478528797383667, -6.2787618936406275, -2.0455386918250182, 0, 1, 0
-4.450554919638929, 6.0665504895460565, 8.793653351624336, 4.5460271716797855, 0, 1, 0
0.35113369596709276, 0.9927175524610643, -6.1406529769956375, 7.711343102954022, 0, 1, 0
-3.7145824514863, -4.583505939032653, 8.98882991587223, -3.646031112245298, 0, 0, 1
9.476756229753029, 5.04167173758227, 2.0202681012546027, -4.3980136767020515, 0, 1, 0
2.459936445793108, -6.054261539156671, 0.8533356575543678, 5.80309243677328, 0, 0, 1
-9.130589216542704, 9.728675465904491, 3.3074338982382017, 3.6307610589148E-05, 0, 1, 0
2.3914048412774704, -9.346993993663691, 9.866114007246733, 7.921136532873444, 0, 0, 1
2.08343893852245, -0.24840994283948525, 3.0360538573172207, -5.113333917741353, 0, 0, 1
-6.55523828070389, 2.873694315959556, 2.233877699931096, -7.335282320778482, 0, 0, 1
7.157740545066883, -5.045992990511467, 2.848429723106525, 8.914038361475821, 0, 0, 1
3.7671323464099, -4.170063042161084, 7.620176671827295, -2.0670076422705357, 0, 0, 1
2.837651238235484, -9.317592465932291, -6.88388198469015, -5.0121348141749085, 0, 1, 0
-8.688729563117366, 5.111662417236557, -3.632214597255091, 6.803802334146482, 0, 1, 0
-5.8597456272038375, 1.0726824268105837, 8.184646301988813, 1.0879634744897295, 0, 0, 1
6.978570864060227, -0.8006232840943266, -3.5259745798660322, -1.9583736229494093, 0, 0, 1
-4.945121786997245, -1.7284681423234147, -0.6617536072906827, -4.242241510302872, 0, 1, 0
-7.5513775542152, -7.466555664998738, -2.5822811073541088, -0.5003273722251542, 0, 1, 0
-5.340634135222358, -1.9638451523910483, 3.845164577404578, 3.0466206432537284, 0, 1, 0
6.547711750747503, 9.346454608881128, -7.887449198350054, -9.24466758931273, 0, 1, 0
-3.3764128449263104, 5.283220296391855, 6.102147156420234, -9.929858231884362, 0, 0, 1
5.436265103256453, -9.16337004823767, 4.027208012541388, 6.185787476685732, 0, 0, 1
-3.4207185979097696, -2.01794606261791, -4.734365006319417, -3.01252154308023, 0, 1, 0
5.333382978724959, 8.00309379492099, 5.99852902628413, 8.606849628783227, 0, 1, 0
-9.090535593726921, 0.547330337831438, -4.523597478179074, 5.351991809602822, 0, 1, 0
-5.907548719974025, -4.514964872279654, 6.347732691256205, -6.2852139101760525, 0, 0, 1
3.801411238406512, 0.6147117775933388, 7.223414907801626, 8.903672964732941, 0, 0, 1
-6.272001413755119, -7.660645087091552, 9.8156990855074, -0.4055203080203018, 0, 0, 1
-2.155333772374007, 3.2692295002142107, 1.6479078268855378, 6.33541474879506, 0, 1, 0
3.0428686891882073, -0.5425960340269818, 4.937445817020462, 3.594850792360889, 0, 0, 1
-1.6276332883292959, 7.81083272668106, 6.0162594243959795, -4.596517279090601, 0, 1, 0
4.234607226324552, 2.238092921785121, 5.165863491206366, 8.46702117401502, 0, 1, 0
0.6979906329410106, -6.507045038280564, 9.877279810550288, 7.4972099054126105, 0, 0, 1
2.6487616322230387, -1.5530723200892442, 2.1281697843820666, -1.764730267117141, 0, 0, 1
-8.514760890283977, 7.73451060882514, 0.29068890506899336, -3.913441372063682, 0, 1, 0
-8.182253724980287, -2.949040901357792, -0.6187277616088878, 3.440640006885232, 0, 1, 0
-3.676258341258513, 9.140677572759184, -1.857861416348193, 8.340554627748464, 0, 1, 0
3.825264654040925, 0.7098189698112289, 7.157082416655999, -6.550695605832476, 0, 0, 1
-2.2137112599861393, -4.898669065394751, -0.9085189136250484, -5.3269860499198485, 0, 1, 0
-1.6689047551103418, -1.3258060586293254, 4.7459465706469235, 6.6935457460086525, 0, 0, 1
-4.595466570274656, -2.3133321163772287, 1.8909021242945006, 2.0275734141597397, 0, 1, 0
-2.6493993553563024, 1.5691637674202958, -9.461421668278716, -7.10333649865507, 0, 1, 0
6.0987868980033255, -7.19296814743102, 4.702481690190027, -8.078874898179842, 0, 0, 1
0.24502804048593418, -4.571930847397042, -9.889251263760613, 5.634582115167092, 0, 1, 0
5.832448413517534, -3.544542087961241, -5.3676675797289555, 1.5012398695113323, 0, 0, 1
2.49211628571717, 6.610904204012314, 1.2480199575647806, 3.3758120394199214, 0, 1, 0
-1.3374416955455395, -3.8971905568135856, -2.3199547698348555, 1.250135913142067, 0, 1, 0
7.264314581297484, -0.6903900349002292, -2.3650196345360106, -5.071972690090524, 0, 0, 1
-4.379972170284004, 8.992582009636138, -6.994086064861197, -8.029134095660007, 0, 1, 0
-8.345942850385766, 9.315158426442721, -3.5079600724894364, -5.263697391033031, 0, 1, 0
-6.6547852739015525, 7.6300985541334825, 5.488323427498491, 4.532187196673913, 0, 1, 0
-4.9620423908168645, 4.273288638458258, -9.388359812734816, 6.108050707777984, 0, 1, 0
4.877637408151124, -1.7343488762780783, 1.9080054070372157, -5.934204569055794, 0, 0, 1
4.226694597968223, -1.2053085543239987, -6.4230930322888735, -8.014492391615404, 0, 1, 0
-2.441492002662966, 5.8105771969121776, 6.622704070351414, -6.560344405733209, 0, 1, 0
-9.901655344246727, 8.832689066805266, -1.029967177207567, -8.650872790557738, 0, 1, 0
3.3499777192948272, -9.412453062558757, -1.1153221182130846, -0.45343720840915935, 0, 1, 0
-5.145084818427025, 5.284736284653068, -1.6918786483313326, 4.500219875248252, 0, 1, 0
-1.488336302101768, 1.6144433485411298, 1.9676223639248036, -9.875873150246159, 0, 0, 1
0.17923299697192085, -0.8913777074270772, -5.589154779719727, -2.1033417955522147, 0, 1, 0
-6.163255142124022, -7.7258897375901645, 0.9388445834344452, 0.24783574521906537, 0, 1, 0
-9.864469850372743, 8.8084090402389, 4.3176599472377735, -5.287124745215813, 1, 0, 0
6.515024414525847, -9.097159299579058, -6.555283971389422, 7.52294449951637, 0, 0, 1
0.4590674072779084, 7.473166947007723, -6.928163579166012, 1.1561893444304303, 0, 1, 0
-7.448537581343454, 0.4606446393116581, 5.42062238576851, -0.8909543468109113, 0, 0, 1
-6.774098834383348, -9.612865987984867, -9.551194179594141, -7.372420019177915, 0, 1, 0
9.996223552150756, -3.2793779733029096, 8.195238699296134, 3.455864299766656, 0, 0, 1
-2.0418993998514026, -5.32031299328446, 4.965032439196964, -2.8124263756035015, 0, 0, 1
2.4500664102146708, 9.201840217784905, 2.174534924409601, -4.5924243864568055, 0, 1, 0
-8.160498011000687, -2.8112746182881647, -1.4076426212711457, 6.486328875872459, 0, 1, 0
4.19509729100163, 0.9463323703717119, 9.915954926943385, -2.178348820739588, 0, 0, 1
0.4263142451766484, -6.341047080392506, 6.294897290083998, 1.7087225297972193, 0, 0, 1
8.561639729217458, -5.986060637974209, -5.15726083664096, -2.3909172566565298, 0, 0, 1
-7.549156657210158, -0.1582904114193706, -3.581821198380469, -8.745810146790841, 0, 1, 0
-8.231802861314176, 9.758061692005985, 3.694077755182086, -0.7365341255145772, 0, 1, 0
6.915844239721004, -0.3877728853317777, 2.7730191931002857, -6.1633228585884545, 0, 0, 1
-4.224176823265933, 4.7672425931167055, -3.416620983470521, -2.696805769902097, 0, 1, 0
-0.010165222925211381, -8.659695609779886, -0.41337695457664125, 7.651647644886584, 0, 0, 1
3.654111965398357, 3.9949489822587694, -7.889639622480441, 6.361758791078703, 0, 1, 0
2.741236981349642, 8.967846026163478, -1.7500698434887774, 4.804388440588669, 0, 1, 0
-9.068146952925318, -6.515798073502164, -4.412286400055646, -6.082095185332976, 0, 1, 0
0.30440785470623943, -1.9231591056674517, 3.9640284487810113, -7.633912860245403, 0, 0, 1
-8.83555521202998, 1.6070646660435308, 4.741196741695141, 1.8176841045812164, 0, 1, 0
5.528493018601319, 6.786878042289462, -2.2628561371298774, -2.8710327543649043, 0, 1, 0
3.7251809117035855, -0.4219362653894052, 7.930581782912178, 3.8194355805494986, 0, 0, 1
6.420818258272863, 1.5408694890983732, -4.735837594948633, -7.376441237226334, 1, 0, 0
5.158698631058773, -1.9876311868371594, -6.996142117770455, 1.3513491541852005, 0, 1, 0
-0.15705612029743143, 6.877131274378453, -2.9745553121783566, -2.230447312924287, 0, 1, 0
3.9584346087455913, -1.5723632795607507, -1.6892773433072854, 5.7951685114741185, 0, 0, 1
6.885474574233161, 2.9227537256305816, -8.456438453149254, 5.392248395547385, 0, 1, 0
-9.014968052047756, -8.284115771895328, 7.161706945468534, -0.8512442143872594, 0, 0, 1
-7.600764770806192, 9.789967648587176, 5.468088218694593, 9.173620193811889, 0, 1, 0
6.087391942780183, -0.3593011341799528, 9.788901498442936, -0.28805929715189116, 0, 0, 1
-7.76190186746507, 4.392183792959985, 6.207722153611353, -7.105491001673737, 0, 0, 1
-2.8956835218219474, 5.705535670605272, 8.237544716446447, -2.649522122298144, 0, 1, 0
9.51828508615414, 4.050798161910286, -4.706614480682934, 4.76184276620012, 0, 1, 0
-7.464599161159526, 9.731956794733161, 8.684404435886258, -5.862489415268642, 0, 1, 0
5.120453171022447, -1.2762047216651045, -3.676404884865696, 5.16687876319833, 0, 1, 0
-8.823339482221446, -6.965861216637242, 1.9779473971472825, -4.756313038410765, 0, 1, 0
-4.808707858812394, 1.3119388051852319, -4.850527231977567, 4.202196269390264, 0, 1, 0
0.49497858178568066, 1.1275089304556651, 6.075220376288154, 3.9085828112012617, 0, 0, 1
-8.405747226628357, 9.375463062606503, -2.463450046471996, -1.751993993181733, 0, 1, 0
-0.0835221587137891, 1.6866315490038275, 5.959936490263759, 5.756910702100448, 0, 0, 1
-7.320426347349038, 8.90349424393079, 1.215875936306956, 1.8316578175088658, 0, 1, 0
-5.909148732157959, -2.7933748964189427, 1.4056063496533806, -7.2901410038071415, 0, 1, 0
-2.109321957504992, 9.751440016437062, 1.5636737605387694, -0.34938579907146483, 0, 1, 0
0.033300719239424126, -2.303432036332521, 6.6412725004559725, 4.75170702429102, 0, 0, 1
-8.019662479879177, 4.739658932545996, -2.119433457087462, 1.502476339928096, 0, 1, 0
2.9798831757995696, -3.466517354113291, -0.6610459697717079, -7.480876416657528, 0, 0, 1
2.5259085709815405, -8.133100205163053, 8.068851892868455, -6.075987292489032, 0, 0, 1
-8.916197055446077, -3.6319920670390093, -5.9489665161580625, 4.897548404940192, 0, 1, 0
-8.766895913876079, -9.693034533268323, -9.508956148991807, 0.2432416706547329, 0, 1, 0
8.317787553331716, -6.112020181544135, -8.403866755964172, 4.512672077171818, 0, 0, 1
-2.235417325159263, 8.31629088070071, -8.62298245477629, -9.838252905680916, 0, 1, 0
-1.5011854430200469, 8.26492651284902, -9.317698757777782, 9.461058536293478, 0, 1, 0
-8.484293240348013, 2.5399307685624493, -7.910428828518106, 5.991788234557857, 0, 1, 0
-7.724286121187864, 1.575288768659945, -8.057695440043553, 2.900096612470268, 0, 1, 0
8.223869185067652, -7.4335150129317835, -8.167502329762794, 9.440330899991249, 0, 0, 1
1.4228749049002651, -3.302471820871565, -3.876456298807849, 7.607865388322558, 0, 0, 1
7.7581987147024805, -3.1995945950968165, -8.870538919638163, 3.3269230245272254, 0, 1, 0
8.814041679172796, -8.201644373220226, 5.150724842748941, 4.049957270757275, 0, 0, 1
-1.8535912930283658, -0.5418852020715761, 9.835413843316687, 1.138733304635963, 0, 0, 1
2.387834560306665, 0.7704519251223889, -9.406134113392856, -1.361455978528344, 0, 1, 0
-0.9683615113461208, -2.0190660990863414, -0.5927468699369332, -0.6493240737585921, 0, 1, 0
2.8514182068646967, 4.94471654991839, 7.216286704510583, 3.9473833674319927, 0, 1, 0
-7.3085372789337, 3.6508489836244156, 8.819349798755418, -0.8733838102190674, 0, 0, 1
-5.2976349067397575, 0.9247023383736153, -0.8117802118937387, 5.59482540730146, 0, 1, 0
7.132764988175019, -1.0578446886771573, -3.339306159568628, 8.00293823611128, 0, 1, 0
0.9665797701881154, -4.410410623257239, 6.19447399684902, -3.1154229646154787, 0, 0, 1
-3.509201823505201, -9.736279742669444, -9.746479326741062, 3.5248962759621882, 0, 1, 0
-8.507787165468459, -4.145319487035889, -5.9399623963702295, -8.339608143241893, 0, 1, 0
-9.746284885213843, 9.279808662496418, 2.680299371797732, -1.4510161855495607, 0, 1, 0
4.026962385525444, -2.033794108793975, 6.697296396222569, 0.2597667138370525, 0, 0, 1
-9.926523966680525, -8.10093761333308, -7.002781292890562, -9.620015797959647, 0, 1, 0
0.5365650404880604, -2.9722273689565384, -4.1354224617292275, -5.020458621448119, 0, 1, 0
7.970007284530443, -5.353830799159515, -4.934938203047467, -0.5054938935234645, 0, 0, 1
